Name,Description,Address,District,Hours,Rating,Phone1,Phone2,mail,Instagram,Twitter,Facebook,Longitude,Latitude,2GIS URL
Bibigon,кафе,"Массив Буюк Ипак Йули, 38",Мирзо-Улугбекский район,Пн: 09:00-23:00; Вт: 09:00-23:00; Ср: 09:00-23:00; Чт: 09:00-23:00; Пт: 09:00-23:00; Сб: 09:00-23:00; Вс: 09:00-23:00 (служба доставки: пн-вс 9:30-22:30),3.6,(99898) 300-7300,,bibigon.cafe.uz@gmail.com,https://instagram.com/bibigon_uz,,https://facebook.com/bibigoncafe,69.289807,41.311625,https://2gis.com/firm/70000001036308897
Alfa Bonjuk,кафе корейской кухни,"Сарабустон, 3/6",Яккасарайский район,Пн: 09:30-21:30; Вт: 09:30-21:30; Ср: 09:30-21:30; Чт: 09:30-21:30; Пт: 09:30-21:30; Сб: 09:30-21:30,5,(99890) 981-3029,(99890) 999-2458,,,,,69.264976,41.302042,https://2gis.com/firm/70000001036911119
Registan,арт-кафе,"Шарафа Рашидова проспект, 77а",Яккасарайский район,Пн: 10:00-23:00; Вт: 10:00-23:00; Ср: 10:00-23:00; Чт: 10:00-23:00; Пт: 10:00-23:00; Сб: 10:00-23:00; Вс: 10:00-23:00,3.7,(99871) 256-1636,,,https://instagram.com/registan.art.cafe.uz,,https://facebook.com/registanartcafe,69.267087,41.305974,https://2gis.com/firm/70000001041861693
Soul,кафе,"Буюк Ипак Йули, 152/1",Мирзо-Улугбекский район,Пн: 08:00-24:00; Вт: 08:00-24:00; Ср: 08:00-24:00; Чт: 08:00-24:00; Пт: 08:00-24:00; Сб: 08:00-24:00; Вс: 08:00-24:00,4.9,(99899) 060-6688,,,https://instagram.com/soulcafe_uz,,,69.337664,41.327042,https://2gis.com/firm/70000001053307473
Eco,кафе,"Олмачи 1-й проезд, 37",Мирзо-Улугбекский район,Пн: 09:00-22:00; Вт: 09:00-22:00; Ср: 09:00-22:00; Чт: 09:00-22:00; Пт: 09:00-22:00; Сб: 09:00-22:00; Вс: 09:00-22:00,5,(99894) 637-8337,,,https://instagram.com/ecocafetashkent,,,69.317019,41.318109,https://2gis.com/firm/70000001047902967
Miso,кафе,"Хусейна Байкары, 32а",Бектемирский район,Пн: 09:00-22:00; Вт: 09:00-22:00; Ср: 09:00-22:00; Чт: 09:00-22:00; Пт: 09:00-22:00; Сб: 09:00-22:00; Вс: 09:00-22:00,3.6,(99890) 188-6411,(99890) 167-3579,,https://instagram.com/banquet_hall_miso,,,69.341722,41.236063,https://2gis.com/firm/70000001050302478
Testo,сеть кафе,"Шота Руставели, 18",Яккасарайский район,Пн: 08:00-23:00; Вт: 08:00-23:00; Ср: 08:00-23:00; Чт: 08:00-23:00; Пт: 08:00-23:00; Сб: 09:00-23:00; Вс: 09:00-23:00,4.5,+998909331010 (единый номер: пн-вс 8:00-23:00),,yavtesto@gmail.com,https://instagram.com/yavtesto,https://twitter.com/testotoday,https://facebook.com/yavtesto,69.264349,41.293755,https://2gis.com/firm/70000001036752006
Registan Osh,центр плова,"Паркентское шоссе, 199",Мирзо-Улугбекский район,Пн: 11:30-20:00; Вт: 11:30-20:00; Ср: 11:30-20:00; Чт: 11:30-20:00; Пт: 11:30-20:00; Сб: 11:30-20:00 (прием заказов: пн-сб 9:00-14:00),4.7,(99871) 230-9888,(99898) 808-9888,,https://instagram.com/registanosh,,https://facebook.com/registanosh,69.329654,41.314577,https://2gis.com/firm/70000001062153343
Mandu манты,сеть кафе быстрого питания,"Массив Хадра, 7",Шайхантахурский район,Пн: 10:00-22:00; Вт: 10:00-22:00; Ср: 10:00-22:00; Чт: 10:00-22:00; Пт: 10:00-22:00; Сб: 10:00-22:00; Вс: 10:00-22:00,4.4,(99895) 479-5777,,,,,,69.246174,41.326034,https://2gis.com/firm/70000001057014585
Parvoz,банкетный зал,"Карасу, 15/2",Яшнабадский район,Пн: 09:00-22:00; Вт: 09:00-22:00; Ср: 09:00-22:00; Чт: 09:00-22:00; Пт: 09:00-22:00; Сб: 09:00-22:00; Вс: 09:00-22:00,5,(99890) 175-3442,(99890) 914-1991,,,,,69.338297,41.289922,https://2gis.com/firm/70000001064253610
Oblacko,лаундж-бар,"Фидокор, 10",Мирабадский район,Пн: 14:00-04:00; Вт: 14:00-04:00; Ср: 14:00-04:00; Чт: 14:00-04:00; Пт: 14:00-04:00; Сб: 14:00-04:00; Вс: 14:00-04:00,4.6,(99899) 798-8488,(99899) 798-8588,,https://instagram.com/oblacko_tashkent,,,69.278273,41.298509,https://2gis.com/firm/70000001040450175
Rayhon,миллий таомлар,"Чиланзар Ц квартал микрорайон, 1в",Чиланзарский район,Пн: 10:00-22:00; Вт: 10:00-22:00; Ср: 10:00-22:00; Чт: 10:00-22:00; Пт: 10:00-22:00; Сб: 10:00-22:00; Вс: 10:00-22:00,3.9,(99899) 885-0106,,info@rayhon.uz,https://instagram.com/rayhonuz,,https://facebook.com/Rayhonmilliytaomlar,69.205615,41.285915,https://2gis.com/firm/70000001038226142
Beer and Wine,раковарня,"Шота Руставели, 13а",Яккасарайский район,Пн: 12:00-24:00; Вт: 12:00-24:00; Ср: 12:00-24:00; Чт: 12:00-24:00; Пт: 12:00-24:00; Сб: 12:00-24:00; Вс: 12:00-24:00,4.3,(99878) 150-4884,,,https://instagram.com/rakovarnya_uz,,,69.266006,41.293825,https://2gis.com/firm/70000001056230813
Zeb-Ziynat,банкетный зал,"Каракамыш 2/1-й квартал, 33а",Алмазарский район,,5,(99899) 885-0220,,,,,,69.225707,41.355941,https://2gis.com/firm/70000001037763430
Acafe,,"Махтумкули, 75/2",Яшнабадский район,Пн: 08:00-23:00; Вт: 08:00-23:00; Ср: 08:00-23:00; Чт: 08:00-23:00; Пт: 08:00-23:00; Сб: 08:00-23:00; Вс: 08:00-23:00,5,(99899) 111-0990,,,,,,69.318443,41.304097,https://2gis.com/firm/70000001048875652
Besh Qozon,центр плова,"Ифтихор, 1",Юнусабадский район,Пн: 09:30-23:30; Вт: 09:30-23:30; Ср: 09:30-23:30; Чт: 09:30-23:30; Пт: 09:30-23:30; Сб: 09:30-23:30; Вс: 09:30-23:30,4,+998712009444 (контакт-центр - пн-вс 9:00-23:00),,,https://instagram.com/beshqozon,,https://facebook.com/beshqozon,69.285342,41.347567,https://2gis.com/firm/70000001037837793
Socials,кафе,"Тараса Шевченко, 36а",Мирабадский район,Пн: 08:00-01:00; Вт: 08:00-01:00; Ср: 08:00-01:00; Чт: 08:00-01:00; Пт: 08:00-01:00; Сб: 08:00-01:00; Вс: 08:00-01:00 (зимний период: пн-вс 8:00-00:00),4,(99899) 008-8811,,,https://instagram.com/socials_uz,,https://facebook.com/socialscafeuz,69.280131,41.297424,https://2gis.com/firm/70000001036467883
У Бабушки,кафе,"Мирзо Улугбека проспект, 9",Мирзо-Улугбекский район,Пн: 00:00-24:00; Вт: 00:00-24:00; Ср: 00:00-24:00; Чт: 00:00-24:00; Пт: 00:00-24:00; Сб: 00:00-24:00; Вс: 00:00-24:00,4,(99897) 728-1060,(99890) 174-2299,,https://instagram.com/u_babushki_kafe,,https://facebook.com/ubabushki.uz,69.317616,41.318554,https://2gis.com/firm/70000001038944091
Anjir,миллий таомлар,"Шота Руставели, 12а",Яккасарайский район,Пн: 08:00-23:00; Вт: 08:00-23:00; Ср: 08:00-23:00; Чт: 08:00-23:00; Пт: 08:00-23:00; Сб: 08:00-23:00; Вс: 08:00-23:00,4.1,+998712567711 (служба доставки),,,,,,69.265967,41.294597,https://2gis.com/firm/70000001047904190
Plov city,центр плова,"Мирзо Улугбека проспект, 1/3",Яшнабадский район,Пн: 11:00-23:00; Вт: 11:00-23:00; Ср: 11:00-23:00; Чт: 11:00-23:00; Пт: 11:00-23:00; Сб: 11:00-23:00; Вс: 11:00-23:00,4.1,(99855) 501-1110,(99899) 044-1110,,https://instagram.com/plovcity,,,69.315181,41.315546,https://2gis.com/firm/70000001047149403
Mar Mar,кафе,"Мирабад 1-ая, 38а",Яккасарайский район,Пн: 00:00-24:00; Вт: 00:00-24:00; Ср: 00:00-24:00; Чт: 00:00-24:00; Пт: 00:00-24:00; Сб: 00:00-24:00; Вс: 00:00-24:00,4.6,(99897) 744-3918,(99890) 189-0711,,https://instagram.com/marmar_tashkent,,,69.264426,41.292294,https://2gis.com/firm/70000001047013163
Brasserie,кафе,"Шахрисабзская, 34",Мирабадский район,Пн: 11:00-05:00; Вт: 11:00-05:00; Ср: 11:00-05:00; Чт: 11:00-05:00; Пт: 11:00-05:00; Сб: 11:00-05:00; Вс: 11:00-05:00 (служба доставки: пн-вс 11:00-04:00),2.9,(99897) 157-9977,(99899) 373-9977,,https://instagram.com/brasserie.uz,,,69.279923,41.302957,https://2gis.com/firm/70000001036516464
Anor,кафе,"Мирабад, 35",Мирабадский район,Пн: 10:00-23:00; Вт: 10:00-23:00; Ср: 10:00-23:00; Чт: 10:00-23:00; Пт: 10:00-23:00; Сб: 10:00-23:00; Вс: 10:00-23:00,3.5,(99898) 301-3311,,,,,,69.271222,41.293378,https://2gis.com/firm/70000001037129559
Kamolon,центр плова,"Бешагач микрорайон, 6а",Шайхантахурский район,Пн: 11:00-23:00; Вт: 11:00-23:00; Ср: 11:00-23:00; Чт: 11:00-23:00; Пт: 11:00-23:00; Сб: 11:00-23:00; Вс: 11:00-23:00,3.9,+998555001661 (контакт-центр - пн-вс 11:00-23:00),,,https://instagram.com/kamolonoshmarkazi,,https://facebook.com/kamolonoshmarkazi,69.237494,41.307959,https://2gis.com/firm/70000001036727194
Broccoli,кафе,"Фидокор, 7",Мирабадский район,Пн: 08:00-23:00; Вт: 08:00-23:00; Ср: 08:00-23:00; Чт: 08:00-23:00; Пт: 08:00-23:00; Сб: 08:00-23:00; Вс: 08:00-23:00,3.8,(99895) 195-1144,,,https://instagram.com/broccoli_uz,,https://facebook.com/broccoliuz,69.27894,41.297509,https://2gis.com/firm/70000001036715792
Roni Pizza Napoletana,сеть пиццерий,"Истикбол, 8",Мирабадский район,Пн: 11:00-23:00; Вт: 11:00-23:00; Ср: 11:00-23:00; Чт: 11:00-23:00; Пт: 11:00-23:00; Сб: 11:00-23:00; Вс: 11:00-23:00,4.9,+998901351188 (единая справочная: пн-вс 11:00-23:00),+998901301188 (единая справочная: пн-вс 11:00-23:00),,https://instagram.com/ronipizzauz,,https://facebook.com/ronipizzauz,69.282511,41.308032,https://2gis.com/firm/70000001051411574
Broccolipark,кафе,"Истиклол, 47а/1",Мирзо-Улугбекский район,Пн: 08:00-23:00; Вт: 08:00-23:00; Ср: 08:00-23:00; Чт: 08:00-23:00; Пт: 08:00-23:00; Сб: 08:00-23:00; Вс: 08:00-23:00,4.1,(99895) 501-1010,(99895) 602-1010,,https://instagram.com/broccolipark.uz,,https://facebook.com/broccolipark.uz,69.285597,41.312021,https://2gis.com/firm/70000001055459358
Уголок,кафе,"Сайилгох, 35/1",Юнусабадский район,Пн: 11:00-23:00; Вт: 11:00-23:00; Ср: 11:00-23:00; Чт: 11:00-23:00; Пт: 11:00-23:00; Сб: 11:00-23:00; Вс: 11:00-23:00,3.4,(99871) 233-3680,(99871) 233-6760,,,,,69.278577,41.312863,https://2gis.com/firm/70000001036991287
SamOsh,центр плова,"Паркентское шоссе, 74 Блок 13",Яшнабадский район,"Пн: 11:30-14:00, 18:00-21:00; Вт: 11:30-14:00, 18:00-21:00; Ср: 11:30-14:00, 18:00-21:00; Чт: 11:30-14:00, 18:00-21:00; Пт: 11:30-14:00, 18:00-21:00; Сб: 11:30-14:00, 18:00-21:00",3.9,(99898) 368-7875,,,https://instagram.com/samosh_tashkent,,https://facebook.com/sam.osh.uz,69.32174,41.314855,https://2gis.com/firm/70000001036616547
Book Cafe,арт-кафе,"Истикбол, 8",Мирабадский район,Пн: 08:00-23:00; Вт: 08:00-23:00; Ср: 08:00-23:00; Чт: 08:00-23:00; Пт: 08:00-23:00; Сб: 08:00-23:00; Вс: 10:00-22:00,3.8,(99897) 789-0080,,,https://instagram.com/bookcafetashkent,,https://facebook.com/bookcafetashkent,69.282576,41.307966,https://2gis.com/firm/70000001036774027
Besh Qozon,центр плова,"Шерози, 41/1",Шайхантахурский район,Пн: 10:30-24:00; Вт: 10:30-24:00; Ср: 10:30-24:00; Чт: 10:30-24:00; Пт: 10:30-24:00; Сб: 10:30-24:00; Вс: 10:30-24:00,4.5,+998712009444 (контакт-центр - пн-вс 9:00-23:00),,,https://instagram.com/beshqozon,,https://facebook.com/beshqozon,69.209663,41.31654,https://2gis.com/firm/70000001054290971
Poytaxt,миллий таомлар,"Ниёзбек Йули, 24",Юнусабадский район,Пн: 10:00-22:00; Вт: 10:00-22:00; Ср: 10:00-22:00; Чт: 10:00-22:00; Пт: 10:00-22:00; Сб: 10:00-22:00; Вс: 10:00-22:00,5,+998712370044 (многоканальный),(99871) 200-3080,,,,,69.287278,41.325092,https://2gis.com/firm/70000001036557816
Pasta Pasta,кафе,"Массив Буюк Ипак Йули, 28",Мирзо-Улугбекский район,Пн: 11:00-23:00; Вт: 11:00-23:00; Ср: 11:00-23:00; Чт: 11:00-23:00; Пт: 11:00-23:00; Сб: 11:00-23:00; Вс: 11:00-23:00,4.3,,,,https://instagram.com/pastapastauz,,,69.292729,41.312185,https://2gis.com/firm/70000001061603039
Shohona,миллий таомлар,"Мирзо Улугбека проспект, 1",Яшнабадский район,Пн: 08:00-23:00; Вт: 08:00-23:00; Ср: 08:00-23:00; Чт: 08:00-23:00; Пт: 08:00-23:00; Сб: 08:00-23:00; Вс: 08:00-23:00,2.6,(99871) 289-6464,(99894) 600-0600,,https://instagram.com/shohona.restaurant,,https://facebook.com/shohona.restaurant,69.310729,41.308879,https://2gis.com/firm/70000001036545893
Mannam,кафе,"Паркентское шоссе, 43a",Мирзо-Улугбекский район,Пн: 11:00-23:00; Вт: 11:00-23:00; Ср: 11:00-23:00; Чт: 11:00-23:00; Пт: 11:00-23:00; Сб: 11:00-23:00; Вс: 11:00-23:00,3.7,(99890) 354-9040,(99899) 686-9040,,,,,69.313465,41.318738,https://2gis.com/firm/70000001047076267
Бухара,кафе,"Массив Кашгар (Ц-4), 17а",Юнусабадский район,Пн: 11:00-22:00; Вт: 11:00-22:00; Ср: 11:00-22:00; Чт: 11:00-22:00; Пт: 11:00-22:00; Сб: 11:00-22:00; Вс: 11:00-22:00,3.7,(99871) 232-1119,,,,,,69.274129,41.32078,https://2gis.com/firm/70000001036531160
Greek Food,кафе,"Госпитальный жилмассив, 39а",Мирабадский район,Пн: 09:00-03:00; Вт: 09:00-03:00; Ср: 09:00-03:00; Чт: 09:00-03:00; Пт: 09:00-03:00; Сб: 09:00-03:00; Вс: 09:00-03:00,3.6,(99895) 194-0102,,,https://instagram.com/greekfood.uz,,https://facebook.com/greekfood.uz,69.272725,41.291947,https://2gis.com/firm/70000001037129636
Миллий таомлар,,,Мирабадский район,Пн: 09:00-17:00; Вт: 09:00-17:00; Ср: 09:00-17:00; Чт: 09:00-17:00; Пт: 09:00-17:00; Сб: 09:00-17:00,,,,,,,,69.277623,41.305197,https://2gis.com/firm/70000001047183575
Zohid Kebab,сеть кафе,"Якуба Коласа, 2/1",Мирабадский район,Пн: 07:00-03:00; Вт: 07:00-03:00; Ср: 07:00-03:00; Чт: 07:00-03:00; Пт: 07:00-03:00; Сб: 07:00-03:00; Вс: 07:00-03:00,4.2,+998555004500 (единый номер - пн-вс 7:00-3:00),,,https://instagram.com/zohidkebab,,,69.267457,41.304556,https://2gis.com/firm/70000001052313836
Nice joy,кафе,"Минор жилмассив, 89",Юнусабадский район,Пн: 09:00-23:00; Вт: 09:00-23:00; Ср: 09:00-23:00; Чт: 09:00-23:00; Пт: 09:00-23:00; Сб: 09:00-23:00; Вс: 09:00-23:00,4.3,(99890) 999-7762,,,https://instagram.com/nicejoy_cafe,,,69.27631,41.328734,https://2gis.com/firm/70000001059414368
Art,кафе,"Шота Руставели, 18",Яккасарайский район,Пн: 10:00-23:00; Вт: 10:00-23:00; Ср: 10:00-23:00; Чт: 10:00-23:00; Пт: 10:00-23:00; Сб: 10:00-23:00; Вс: 10:00-23:00,4.5,,,,,,,69.263838,41.29355,https://2gis.com/firm/70000001059172961
9292,кафе южно-корейской кухни,"Айбека, 40",Мирабадский район,Пн: 11:00-23:00; Вт: 11:00-23:00; Ср: 11:00-23:00; Чт: 11:00-23:00; Пт: 11:00-23:00; Сб: 11:00-23:00; Вс: 11:00-23:00,4.7,(99893) 114-9292,,,https://instagram.com/9292_korean_bbq,,,69.281222,41.29119,https://2gis.com/firm/70000001060778513
Лаби Хауз,кафе,"Мироншаха 4-й проезд, 48а",Мирабадский район,Пн: 12:00-23:00; Вт: 12:00-23:00; Ср: 12:00-23:00; Чт: 12:00-23:00; Пт: 12:00-23:00; Сб: 12:00-23:00; Вс: 12:00-23:00,3.9,(99893) 616-2013,,,,,,69.267062,41.282988,https://2gis.com/firm/70000001037267108
Grand,кафе,"Малая кольцевая дорога, 38/1",Юнусабадский район,Пн: 00:00-24:00; Вт: 00:00-24:00; Ср: 00:00-24:00; Чт: 00:00-24:00; Пт: 00:00-24:00; Сб: 00:00-24:00; Вс: 00:00-24:00,2.3,+998712094434 (контакт-центр: круглосуточно),,,https://instagram.com/grand_somsa_markazi,,,69.290149,41.332553,https://2gis.com/firm/70000001056054206
Hookah Place,кафе,"Садыка Азимова, 68",Яшнабадский район,Пн: 12:00-05:00; Вт: 12:00-05:00; Ср: 12:00-05:00; Чт: 12:00-05:00; Пт: 12:00-05:00; Сб: 12:00-05:00; Вс: 12:00-05:00,2.4,(99897) 783-7477,,,https://instagram.com/hookahplacetashkent,,https://facebook.com/hptashkent,69.288717,41.303713,https://2gis.com/firm/70000001040101286
Tarnov Boshi,сеть кафе,"Себзар жилмассив, 34/1",Алмазарский район,Пн: 10:30-23:00; Вт: 10:30-23:00; Ср: 10:30-23:00; Чт: 10:30-23:00; Пт: 10:30-23:00; Сб: 10:30-23:00; Вс: 10:30-23:00,4.7,(99871) 203-5252,,,,,,69.252821,41.334784,https://2gis.com/firm/70000001036987817
Aksu,сеть ресторанов,"Алишера Навои проспект, 11в",Юнусабадский район,Пн: 07:00-23:00; Вт: 07:00-23:00; Ср: 07:00-23:00; Чт: 07:00-23:00; Пт: 07:00-23:00; Сб: 07:00-23:00; Вс: 07:00-23:00,3.7,(99871) 232-4949,(99871) 232-4848,,https://instagram.com/aksu.uz,,https://facebook.com/AksubyChustiy,69.275904,41.318285,https://2gis.com/firm/70000001059888610
Tandoor,кафе,"Ферганское шоссе, 15/21",Яшнабадский район,Пн: 08:00-22:00; Вт: 08:00-22:00; Ср: 08:00-22:00; Чт: 08:00-22:00; Пт: 08:00-22:00; Сб: 08:00-22:00; Вс: 08:00-22:00,4.2,(99895) 142-7788,,,,,,69.301628,41.289563,https://2gis.com/firm/70000001037018607
John Dillinger,бар,"Братислава, 3а/1",Яккасарайский район,Пн: 19:00-01:00; Вт: 19:00-01:00; Ср: 19:00-01:00; Чт: 19:00-01:00; Пт: 19:00-01:00; Сб: 19:00-02:00; Вс: 19:00-02:00,4.4,(99894) 050-7676,,,https://instagram.com/johndillingeruz,,,69.253127,41.291702,https://2gis.com/firm/70000001062397107
The Plov,кафе,"Хушнаво, 2а",Юнусабадский район,Пн: 00:00-24:00; Вт: 00:00-24:00; Ср: 00:00-24:00; Чт: 00:00-24:00; Пт: 00:00-24:00; Сб: 00:00-24:00; Вс: 00:00-24:00,3,(99897) 780-3939,,,https://instagram.com/theplovuz,,,69.28995,41.359361,https://2gis.com/firm/70000001046223590
Восточный Квартал,кафе,"Нукусская, 85",Мирабадский район,Пн: 00:00-24:00; Вт: 00:00-24:00; Ср: 00:00-24:00; Чт: 00:00-24:00; Пт: 00:00-24:00; Сб: 00:00-24:00; Вс: 00:00-24:00,3.8,(99871) 254-5431,(99891) 777-7768,,,,,69.269422,41.285649,https://2gis.com/firm/70000001037267066
Arrows & Sparrows,кафе,"Укчи, 2/1",Шайхантахурский район,Пн: 09:00-23:00; Вт: 09:00-23:00; Ср: 09:00-23:00; Чт: 09:00-23:00; Пт: 09:00-23:00; Сб: 09:00-23:00; Вс: 09:00-23:00,3.2,(99899) 600-8811,,,https://instagram.com/arrowsparrows_uz,,https://facebook.com/arrowsparrowsuz,69.248946,41.315564,https://2gis.com/firm/70000001039953583
Caffee`issimo,сеть кафе итальянской кухни,"Амира Темура проспект, 95а",Юнусабадский район,Пн: 00:00-24:00; Вт: 00:00-24:00; Ср: 00:00-24:00; Чт: 00:00-24:00; Пт: 00:00-24:00; Сб: 00:00-24:00; Вс: 00:00-24:00,4.3,(99871) 205-0152,(99899) 206-0152,,https://instagram.com/caffeeissimo,,https://facebook.com/caffeeissimo,69.283916,41.332581,https://2gis.com/firm/70000001036743534
Shash Leek,кафе,"Массив Буюк Ипак Йули, 49/1",Мирзо-Улугбекский район,Пн: 12:00-03:00; Вт: 12:00-03:00; Ср: 12:00-03:00; Чт: 12:00-03:00; Пт: 12:00-03:00; Сб: 12:00-03:00; Вс: 12:00-03:00,3.2,(99888) 121-0111,(99898) 101-0111,,https://instagram.com/shashleek.uz,,,69.294131,41.311914,https://2gis.com/firm/70000001037171782
Jasur Ош Маркази,Центр плова,"Чингиза Айтматова, 40",Юнусабадский район,Пн: 11:00-15:00; Вт: 11:00-15:00; Ср: 11:00-15:00; Чт: 11:00-15:00; Пт: 11:00-15:00; Сб: 11:00-15:00; Вс: 11:00-15:00,3.3,(99893) 528-0532,(99894) 603-1220,,,,,69.292138,41.33094,https://2gis.com/firm/70000001037058109
Roni Pizza Napoletana,сеть пиццерий,"Тараса Шевченко, 21а",Мирабадский район,Пн: 11:00-23:00; Вт: 11:00-23:00; Ср: 11:00-23:00; Чт: 11:00-23:00; Пт: 11:00-23:00; Сб: 11:00-23:00; Вс: 11:00-23:00,4.8,+998901351188 (единая справочная: пн-вс 11:00-23:00),+998901301188 (единая справочная: пн-вс 11:00-23:00),,https://instagram.com/ronipizzauz,,https://facebook.com/ronipizzauz.grossplaza,69.281366,41.296926,https://2gis.com/firm/70000001051411523
Taksim by Tuncay chef,кафе турецкой кухни,"Шота Руставели, 30а",Яккасарайский район,Пн: 08:00-23:00; Вт: 08:00-23:00; Ср: 08:00-23:00; Чт: 08:00-23:00; Пт: 08:00-23:00; Сб: 08:00-23:00; Вс: 08:00-23:00,4.8,(99899) 444-0111,,,https://instagram.com/taksim.uz,,,69.259863,41.291656,https://2gis.com/firm/70000001053454087
Shashlik & somsa,кафе,"Мирзо Улугбека проспект, 13/1",Мирзо-Улугбекский район,Пн: 00:00-24:00; Вт: 00:00-24:00; Ср: 00:00-24:00; Чт: 00:00-24:00; Пт: 00:00-24:00; Сб: 00:00-24:00; Вс: 00:00-24:00,4.2,(99890) 987-6138,,,https://instagram.com/shashlik_somsa,,https://facebook.com/shashliksomsakafe,69.317447,41.318247,https://2gis.com/firm/70000001055682104
Benedict,кафе,"Нукусская, 31/2",Мирабадский район,Пн: 09:00-23:00; Вт: 09:00-23:00; Ср: 09:00-23:00; Чт: 09:00-23:00; Пт: 09:00-23:00; Сб: 09:00-23:00; Вс: 09:00-23:00,5,(99833) 888-8807,,,https://instagram.com/benedict_cafe_tashkent,,,69.281111,41.293096,https://2gis.com/firm/70000001067011600
Al Fajr,кафе,"Бешагач микрорайон, 6а",Шайхантахурский район,Пн: 09:00-01:00; Вт: 09:00-01:00; Ср: 09:00-01:00; Чт: 09:00-01:00; Пт: 09:00-01:00; Сб: 09:00-01:00; Вс: 09:00-01:00,4.1,(99855) 500-5454,(99895) 512-5454,,https://instagram.com/al_fajrmillitaomlari.uz,,,69.237703,41.308229,https://2gis.com/firm/70000001060591889
Forn Lebnen,кафе ливанской кухни,"Мирабад, 29а",Мирабадский район,Пн: 07:00-23:00; Вт: 07:00-23:00; Ср: 07:00-23:00; Чт: 07:00-23:00; Пт: 07:00-23:00; Сб: 07:00-23:00; Вс: 07:00-23:00,4.6,(99871) 256-4332,,,https://instagram.com/fornlebnen,,https://facebook.com/FornLebnen,69.269688,41.294909,https://2gis.com/firm/70000001046048657
Kamolon,labzak,"Зульфияхоним, 10а",Шайхантахурский район,Пн: 11:00-23:00; Вт: 11:00-23:00; Ср: 11:00-23:00; Чт: 11:00-23:00; Пт: 11:00-23:00; Сб: 11:00-23:00; Вс: 11:00-23:00,4.7,+998555001661 (контакт-центр - пн-вс 11:00-23:00),,,https://instagram.com/kamolonoshmarkazi,,https://facebook.com/kamolonoshmarkazi,69.27018,41.330663,https://2gis.com/firm/70000001064978231
Puro,сеть кафе,"Садыка Азимова, 43",Мирзо-Улугбекский район,Пн: 08:00-23:00; Вт: 08:00-23:00; Ср: 08:00-23:00; Чт: 08:00-23:00; Пт: 08:00-23:00; Сб: 08:00-23:00; Вс: 08:00-23:00,4.5,(99899) 921-0909,,,https://instagram.com/purogelateria,,,69.291696,41.310018,https://2gis.com/firm/70000001044831386
Mannam House,кафе,"Кичик Миробод, 3",Яккасарайский район,Пн: 10:30-22:30; Вт: 10:30-22:30; Ср: 10:30-22:30; Чт: 10:30-22:30; Пт: 10:30-22:30; Сб: 10:30-22:30; Вс: 10:30-22:30,4,(99871) 255-8938,,,,,,69.264387,41.29186,https://2gis.com/firm/70000001040289743
Ramiz,сеть кафе турецкой кухни,"Укчи, 2/10",Шайхантахурский район,Пн: 10:00-23:00; Вт: 10:00-23:00; Ср: 10:00-23:00; Чт: 10:00-23:00; Пт: 10:00-23:00; Сб: 10:00-23:00; Вс: 10:00-23:00,4.4,(99895) 510-8080,,,https://instagram.com/kofteciramizuz,,,69.247663,41.3158,https://2gis.com/firm/70000001045327267
Бек,кафе,"Бабура, 18",Яккасарайский район,Пн: 00:00-24:00; Вт: 00:00-24:00; Ср: 00:00-24:00; Чт: 00:00-24:00; Пт: 00:00-24:00; Сб: 00:00-24:00; Вс: 00:00-24:00,4.1,,,,,,,69.250393,41.292686,https://2gis.com/firm/70000001037082484
Testo,сеть кафе,"Садыка Азимова, 54",Яшнабадский район,Пн: 08:00-23:00; Вт: 08:00-23:00; Ср: 08:00-23:00; Чт: 08:00-23:00; Пт: 08:00-23:00; Сб: 09:00-23:00; Вс: 09:00-23:00,4.3,(99890) 026-1330,,yavtesto@gmail.com,https://instagram.com/yavtesto,https://twitter.com/testotoday,https://facebook.com/yavtesto,69.29042,41.306303,https://2gis.com/firm/70000001041406044
Ansan,кафе,"Таллимарджанская, 2",Мирабадский район,Пн: 11:00-23:00; Вт: 11:00-23:00; Ср: 11:00-23:00; Чт: 11:00-23:00; Пт: 11:00-23:00; Сб: 11:00-23:00; Вс: 11:00-23:00,5,(99871) 299-8800,(99890) 817-8250,,,,,69.304376,41.278688,https://2gis.com/firm/70000001038942046
Bolo Hovuz,миллий таомлар,"Олмачи, 23/1",Мирзо-Улугбекский район,Пн: 09:30-23:00; Вт: 09:30-23:00; Ср: 09:30-23:00; Чт: 09:30-23:00; Пт: 09:30-23:00; Сб: 09:30-23:00; Вс: 09:30-23:00,4.6,(99897) 033-3363,,,,,,69.315461,41.321492,https://2gis.com/firm/70000001038987065
Sanora,миллий таомлар,"Олтинтепа, 12",Яшнабадский район,Пн: 09:00-22:00; Вт: 09:00-22:00; Ср: 09:00-22:00; Чт: 09:00-22:00; Пт: 09:00-22:00; Сб: 09:00-22:00; Вс: 09:00-22:00,4.5,(99871) 269-6555,,,,,,69.326987,41.311219,https://2gis.com/firm/70000001036743360
Peggy`s,гриль-бар,"Султанали Машхади, 125а",Яшнабадский район,Пн: 17:00-24:00; Вт: 17:00-24:00; Ср: 17:00-24:00; Чт: 17:00-24:00; Пт: 17:00-02:00; Сб: 17:00-24:00; Вс: 17:00-24:00,3.7,(99890) 186-0801,,,https://instagram.com/peggys.pub,,https://facebook.com/peggys.pub,69.321544,41.310577,https://2gis.com/firm/70000001037306376
Secret,кафе,"Саида Барака, 34а",Мирабадский район,Пн: 08:00-22:00; Вт: 08:00-22:00; Ср: 08:00-22:00; Чт: 08:00-22:00; Пт: 08:00-22:00; Сб: 08:00-22:00; Вс: 08:00-22:00,,(99897) 765-1200,,,https://instagram.com/secret_in_uzbekistan,,,69.288482,41.301292,https://2gis.com/firm/70000001061455529
FreshCa.fe,кафе,"Массив Буюк Ипак Йули, 15",Мирзо-Улугбекский район,Пн: 08:00-23:00; Вт: 08:00-23:00; Ср: 08:00-23:00; Чт: 08:00-23:00; Пт: 08:00-23:00; Сб: 08:00-23:00; Вс: 09:00-23:00,3.8,(99895) 146-0005,,,https://instagram.com/freshca.fe,,https://facebook.com/FreshCa.fe,69.290459,41.314393,https://2gis.com/firm/70000001039822748
Bodrum,кафе турецкой кухни,"Алишера Навои проспект, 26",Шайхантахурский район,Пн: 08:00-22:30; Вт: 08:00-22:30; Ср: 08:00-22:30; Чт: 08:00-22:30; Пт: 08:00-22:30; Сб: 08:00-22:30; Вс: 08:00-22:30,2.6,+998781507771 (доп.72),,,,,,69.253513,41.321558,https://2gis.com/firm/70000001036930626
2012,кафе,"Мустакиллик проспект, 79",Мирзо-Улугбекский район,Пн: 09:00-23:00; Вт: 09:00-23:00; Ср: 09:00-23:00; Чт: 09:00-23:00; Пт: 09:00-23:00; Сб: 09:00-23:00; Вс: 10:00-23:00,3,+998781292012 (многоканальный),(99897) 445-2012,,https://instagram.com/beautysalon2012,,https://facebook.com/2012beautysalon,69.303264,41.322859,https://2gis.com/firm/70000001036703555
Columbina,кафе,"Мирабад, 27/6",Мирабадский район,Пн: 08:00-23:00; Вт: 08:00-23:00; Ср: 08:00-23:00; Чт: 08:00-23:00; Пт: 08:00-23:00; Сб: 08:00-23:00; Вс: 08:00-23:00,4.3,(99878) 129-8999,,,https://instagram.com/columbina.coffee,,https://facebook.com/Columbina.coffee,69.269925,41.296312,https://2gis.com/firm/70000001036680270
Shum bola,детский развлекательный центр,"Лабзак, 103",Шайхантахурский район,Пн: 11:00-23:00; Вт: 11:00-23:00; Ср: 11:00-23:00; Чт: 11:00-23:00; Пт: 11:00-23:00; Сб: 11:00-23:00; Вс: 11:00-23:00,4.2,(99871) 241-8800,,,,,,69.263258,41.332228,https://2gis.com/firm/70000001037089311
Lagman24,сеть кафе быстрого питания,"Ферганское шоссе, 44/2",Мирабадский район,Пн: 00:00-24:00; Вт: 00:00-24:00; Ср: 00:00-24:00; Чт: 00:00-24:00; Пт: 00:00-24:00; Сб: 00:00-24:00; Вс: 00:00-24:00,4.4,+998977282050 (единый номер: пн-вс 10:00-22:00),,,https://instagram.com/lagman24uz,,,69.299989,41.290288,https://2gis.com/firm/70000001047835685
CookBook,кафе,"Зульфияхоним, 18",Шайхантахурский район,Пн: 08:30-22:00; Вт: 08:30-22:00; Ср: 08:30-22:00; Чт: 08:30-22:00; Пт: 08:30-22:00; Сб: 08:30-22:00; Вс: 10:00-22:00,3.3,(99899) 899-9004,,,https://instagram.com/cookbookworkshop,,,69.258146,41.329435,https://2gis.com/firm/70000001041035567
Rayhon,миллий таомлар,"Асатулла Хаджаев, 2",Шайхантахурский район,Пн: 10:00-22:00; Вт: 10:00-22:00; Ср: 10:00-22:00; Чт: 10:00-22:00; Пт: 10:00-22:00; Сб: 10:00-22:00; Вс: 10:00-22:00,4.4,(99899) 890-0501,,info@rayhon.uz,https://instagram.com/rayhonuz,,https://facebook.com/Rayhonmilliytaomlar,69.236132,41.31371,https://2gis.com/firm/70000001040314201
Ankara Kebab,кафе турецкой кухни,"Абдуллы Кадыри, 1а/1",Алмазарский район,Пн: 11:00-23:00; Вт: 11:00-23:00; Ср: 11:00-23:00; Чт: 11:00-23:00; Пт: 11:00-23:00; Сб: 11:00-23:00; Вс: 11:00-23:00 (служба доставки: пн-вс 10:00-3:00),3.6,(99833) 240-5850,(99871) 240-5850,,https://instagram.com/ankara_kebap,,,69.245005,41.330784,https://2gis.com/firm/70000001036830608
У Влада,кафе,"Мавлона Риёзи 1-ая, 37-39",Яшнабадский район,Пн: 09:00-23:00; Вт: 09:00-23:00; Ср: 09:00-23:00; Чт: 09:00-23:00; Пт: 09:00-23:00; Сб: 09:00-23:00; Вс: 09:00-23:00,3.5,(99899) 307-0087,(99899) 308-0087,,https://instagram.com/kafe_u_vlada,,https://facebook.com/kafe.u.vlada,69.316827,41.314123,https://2gis.com/firm/70000001037306364
Tandir,миллий таомлар,"Абдурауфа Фитрата, 5а/1",Мирабадский район,Пн: 08:00-23:00; Вт: 08:00-23:00; Ср: 08:00-23:00; Чт: 08:00-23:00; Пт: 08:00-23:00; Сб: 08:00-23:00; Вс: 08:00-23:00,4,(99899) 844-5050,,,,,,69.308956,41.272296,https://2gis.com/firm/70000001038409924
Joints,кафе,"Шахрисабзская, 23",Мирабадский район,Пн: 12:00-01:00; Вт: 12:00-01:00; Ср: 12:00-01:00; Чт: 12:00-01:00; Пт: 13:00-02:00; Сб: 13:00-02:00; Вс: 12:00-01:00,4.5,(99871) 233-6724,,,https://instagram.com/jointslounge,,https://facebook.com/jointslounge,69.280885,41.304609,https://2gis.com/firm/70000001036905854
CoffeeMilk,кафе,"Садыка Азимова, 72",Мирабадский район,Пн: 08:00-01:00; Вт: 08:00-01:00; Ср: 08:00-01:00; Чт: 08:00-01:00; Пт: 08:00-01:00; Сб: 08:00-01:00; Вс: 10:00-01:00,2.3,(99897) 139-8080,,,https://instagram.com/coffeemilk_uz,,,69.286897,41.303614,https://2gis.com/firm/70000001036449543
Diet Bistro,кафе,"Лабзак, 128",Шайхантахурский район,Пн: 00:00-24:00; Вт: 00:00-24:00; Ср: 00:00-24:00; Чт: 00:00-24:00; Пт: 00:00-24:00; Сб: 00:00-24:00; Вс: 00:00-24:00,4.9,(99871) 207-5255,,,,,,69.267886,41.337982,https://2gis.com/firm/70000001055195169
Florya,сеть кафе,"Бухара, 24",Мирабадский район,Пн: 00:00-24:00; Вт: 00:00-24:00; Ср: 00:00-24:00; Чт: 00:00-24:00; Пт: 00:00-24:00; Сб: 00:00-24:00; Вс: 00:00-24:00,2.9,(99890) 941-2227,,,,,,69.272856,41.309822,https://2gis.com/firm/70000001037017739
Twice Spice,суши-бар,"Оккургон, 18",Мирзо-Улугбекский район,Пн: 10:00-23:00; Вт: 10:00-23:00; Ср: 10:00-23:00; Чт: 10:00-23:00; Пт: 10:00-23:00; Сб: 10:00-23:00; Вс: 10:00-23:00,2.8,(99899) 902-8899,,,https://instagram.com/twicespice_uz,,https://facebook.com/twicespiceuz,69.305013,41.326971,https://2gis.com/firm/70000001038630036
Union,кафе,"Лабзак, 64а",Шайхантахурский район,Пн: 08:00-23:00; Вт: 08:00-23:00; Ср: 08:00-23:00; Чт: 08:00-23:00; Пт: 08:00-23:00; Сб: 08:00-23:00; Вс: 08:00-23:00,4.7,(99895) 166-4477,,,https://instagram.com/unioncafe_uz,,,69.263725,41.331804,https://2gis.com/firm/70000001064331301
Kafe Kafe,кафе,"Бешагач, 9/2",Чиланзарский район,Пн: 10:00-23:00; Вт: 10:00-23:00; Ср: 10:00-23:00; Чт: 10:00-23:00; Пт: 10:00-23:00; Сб: 10:00-23:00; Вс: 10:00-23:00,2.7,(99895) 145-4545,,,https://instagram.com/cafetashkent,,,69.250594,41.305519,https://2gis.com/firm/70000001038965305
Авангард,кафе,"Сарыкульская, 15",Мирабадский район,Пн: 08:00-22:00; Вт: 08:00-22:00; Ср: 08:00-22:00; Чт: 08:00-22:00; Пт: 08:00-22:00; Сб: 08:00-22:00; Вс: 08:00-22:00,4.5,(99890) 029-4433,(99899) 999-3723,,,,,69.285547,41.281582,https://2gis.com/firm/70000001054452281
Furusato,кафе японской кухни,"Ниёзбек Йули 3-й проезд, 6а",Юнусабадский район,Пн: 12:00-23:00; Вт: 12:00-23:00; Ср: 12:00-23:00; Чт: 12:00-23:00; Пт: 12:00-23:00; Сб: 17:00-23:00 (технический перерыв: пн-пт 15:00-18:00),4.3,(99895) 005-6132,,,https://instagram.com/furusato_tashkent,,,69.285476,41.323078,https://2gis.com/firm/70000001062534050
Stories,кафе,"Буюк Ипак Йули, 156в",Мирзо-Улугбекский район,Пн: 00:00-24:00; Вт: 00:00-24:00; Ср: 00:00-24:00; Чт: 00:00-24:00; Пт: 00:00-24:00; Сб: 00:00-24:00; Вс: 00:00-24:00,4.6,(99899) 804-4848,(99833) 804-4848,,https://instagram.com/stories.citycafe,,,69.341033,41.3275,https://2gis.com/firm/70000001047463884
Jago,кафе-бар,"Сарыкульская, 106",Мирабадский район,Пн: 11:00-23:00; Вт: 11:00-23:00; Ср: 11:00-23:00; Чт: 11:00-23:00; Пт: 11:00-23:00; Сб: 11:00-23:00; Вс: 11:00-23:00,3.8,(99895) 144-6784,(99897) 708-1068,,https://instagram.com/jago.pub,,https://facebook.com/jago.pub,69.284142,41.28314,https://2gis.com/firm/70000001039618333
Rayhon,миллий таомлар,"Зульфияхоним, 244",Шайхантахурский район,Пн: 10:00-22:00; Вт: 10:00-22:00; Ср: 10:00-22:00; Чт: 10:00-22:00; Пт: 10:00-22:00; Сб: 10:00-22:00; Вс: 10:00-22:00,4.1,(99899) 885-0103,(99899) 885-0104,info@rayhon.uz,https://instagram.com/rayhonuz,,https://facebook.com/Rayhonmilliytaomlar,69.258976,41.330164,https://2gis.com/firm/70000001037015058
Sardoba,кафе,"Чингиза Айтматова, 52/2",Юнусабадский район,Пн: 08:00-22:00; Вт: 08:00-22:00; Ср: 08:00-22:00; Чт: 08:00-22:00; Пт: 08:00-22:00; Сб: 08:00-22:00; Вс: 08:00-22:00,4.5,(99871) 235-2447,,,,,,69.292817,41.334973,https://2gis.com/firm/70000001037823300
Вачач,арт-ресторан,"Паркентское шоссе, 49",Мирзо-Улугбекский район,Пн: 00:00-24:00; Вт: 00:00-24:00; Ср: 00:00-24:00; Чт: 00:00-24:00; Пт: 00:00-24:00; Сб: 00:00-24:00; Вс: 00:00-24:00,4.6,(99898) 368-0021,(99895) 196-6266,,https://instagram.com/vachach_restaurant,,https://facebook.com/vachachartrestaurant,69.314582,41.318088,https://2gis.com/firm/70000001036601079
Гиждуван,кафе,"Курган 5-й проезд, 2",Юнусабадский район,Пн: 09:00-23:00; Вт: 09:00-23:00; Ср: 09:00-23:00; Чт: 09:00-23:00; Пт: 09:00-23:00; Сб: 09:00-23:00; Вс: 09:00-23:00,1,(99871) 235-0800,,,,,,69.298495,41.333047,https://2gis.com/firm/70000001038178080
Urban Food,кафе,"Шахрисабзская, 23",Мирабадский район,Пн: 11:00-23:00; Вт: 11:00-23:00; Ср: 11:00-23:00; Чт: 11:00-23:00; Пт: 11:00-23:00; Сб: 11:00-23:00; Вс: 11:00-23:00,4.5,(99895) 146-9010,,,https://instagram.com/urbanfooduz,,https://facebook.com/urbanfood.uz,69.280726,41.304487,https://2gis.com/firm/70000001036910086
Bolo hovuz,кафе,"Лабзак, 12",Шайхантахурский район,Пн: 10:00-23:00; Вт: 10:00-23:00; Ср: 10:00-23:00; Чт: 10:00-23:00; Пт: 10:00-23:00; Сб: 10:00-23:00; Вс: 10:00-23:00,2.7,(99895) 177-0509,(99897) 333-0770,,https://instagram.com/bolo_hovuz,,,69.264274,41.327743,https://2gis.com/firm/70000001036949373
Barbaris,кафе,"Абдуллы Каххара, 49",Яккасарайский район,Пн: 11:00-23:00; Вт: 11:00-23:00; Ср: 11:00-23:00; Чт: 11:00-23:00; Пт: 11:00-23:00; Сб: 11:00-23:00; Вс: 11:00-23:00,3.8,(99895) 170-7055,(99895) 170-7056,,https://instagram.com/cafebarbaris.uz,,https://facebook.com/Barbaris.tashkent,69.264149,41.277678,https://2gis.com/firm/70000001037334687
Мясохмель,кафе-бар,"8 Марта, 55",Мирабадский район,Пн: 13:00-02:00; Вт: 13:00-02:00; Ср: 13:00-02:00; Чт: 13:00-02:00; Пт: 13:00-02:00; Сб: 13:00-02:00; Вс: 13:00-02:00,3.7,,,,https://instagram.com/myasohmeluz,,,69.296584,41.282146,https://2gis.com/firm/70000001037291913
Suro,кафе,"Сумбула, 58",Мирабадский район,Пн: 10:00-23:00; Вт: 10:00-23:00; Ср: 10:00-23:00; Чт: 10:00-23:00; Пт: 10:00-23:00; Сб: 10:00-23:00; Вс: 10:00-23:00,5,,,,,,,69.293484,41.283696,https://2gis.com/firm/70000001050902889
Besh Qozon,центр плова,"Кукча-Дарвоза, 345",Шайхантахурский район,Пн: 11:00-17:00; Вт: 11:00-17:00; Ср: 11:00-17:00; Чт: 11:00-17:00; Пт: 11:00-17:00; Сб: 11:00-17:00; Вс: 11:00-17:00,2.6,+998712009444 (контакт-центр - пн-вс 9:00-23:00),,,https://instagram.com/beshqozon,,https://facebook.com/beshqozon,69.205506,41.322022,https://2gis.com/firm/70000001038442615
Poytaxt,кафе,"Шахрисабзская, 21а/1",Мирабадский район,Пн: 00:00-24:00; Вт: 00:00-24:00; Ср: 00:00-24:00; Чт: 00:00-24:00; Пт: 00:00-24:00; Сб: 00:00-24:00; Вс: 00:00-24:00,2.2,(99871) 230-4434,,,,,,69.280746,41.304398,https://2gis.com/firm/70000001065470962
Cozy,кафе-бар,"Абдуллы Кадыри, 1/1",Юнусабадский район,Пн: 12:30-24:00; Вт: 12:30-24:00; Ср: 12:30-24:00; Чт: 12:30-24:00; Пт: 12:30-24:00; Сб: 12:30-24:00; Вс: 12:30-24:00,4.8,,,,https://instagram.com/cozygrillbar,,https://facebook.com/cozygrillbar,69.284745,41.321951,https://2gis.com/firm/70000001036575645
Узбегим,миллий таомлар,"Садыка Азимова, 47/2",Мирабадский район,Пн: 08:00-21:00; Вт: 08:00-21:00; Ср: 08:00-21:00; Чт: 08:00-21:00; Пт: 08:00-21:00; Сб: 08:00-19:00,5,,,,,,,69.28644,41.299717,https://2gis.com/firm/70000001038454752
Бухара,миллий таомлар,"Аския, 2",Яккасарайский район,Пн: 11:00-22:30; Вт: 11:00-22:30; Ср: 11:00-22:30; Чт: 11:00-22:30; Пт: 11:00-22:30; Сб: 11:00-22:30; Вс: 11:00-22:30,2.5,,,,,,,69.247723,41.293004,https://2gis.com/firm/70000001037098828
il migliore,кафе,"Киёт жилмассив (Ц-5), 57",Юнусабадский район,Пн: 12:00-23:00; Вт: 12:00-23:00; Ср: 12:00-23:00; Чт: 12:00-23:00; Пт: 12:00-23:00; Сб: 12:00-23:00; Вс: 12:00-23:00,3.5,(99871) 235-7929,(99871) 209-1143,,,,https://facebook.com/caffeilmigliore,69.278003,41.328042,https://2gis.com/firm/70000001036634749
Noir,кафе-бар,"Чингиза Айтматова, 43",Юнусабадский район,Пн: 12:00-02:00; Вт: 12:00-02:00; Ср: 12:00-02:00; Чт: 12:00-02:00; Пт: 12:00-02:00; Сб: 12:00-02:00; Вс: 12:00-02:00,5,(99899) 855-4515,,,https://instagram.com/noir_tashkent,,,69.292429,41.335922,https://2gis.com/firm/70000001039039747
Studio,кафе,"Тойтепа проезд, 1",Яшнабадский район,Пн: 11:00-24:00; Вт: 11:00-24:00; Ср: 11:00-24:00; Чт: 11:00-24:00; Пт: 11:00-24:00; Сб: 11:00-24:00; Вс: 11:00-24:00,3.8,+998712330601 (многоканальный),(99890) 186-2335,,,,https://facebook.com/studiocafetashkent,69.289356,41.305126,https://2gis.com/firm/70000001036660117
Moka`s,кафе,"Амира Темура, 43",Мирабадский район,Пн: 08:00-22:00; Вт: 08:00-22:00; Ср: 08:00-22:00; Чт: 08:00-22:00; Пт: 08:00-22:00; Сб: 08:00-22:00; Вс: 08:00-22:00,5,,,,https://instagram.com/cafe_mokas,,,69.283728,41.299259,https://2gis.com/firm/70000001051941179
Точка Вкуса,кафе,"Афрасиаб, 8/1а",Мирабадский район,Пн: 08:00-22:00; Вт: 08:00-22:00; Ср: 08:00-22:00; Чт: 08:00-22:00; Пт: 08:00-22:00; Сб: 08:00-22:00; Вс: 08:00-22:00,3.3,,,,,,,69.268617,41.3,https://2gis.com/firm/70000001036839510
Bellissimo Pizza,сеть пиццерий,"Мирабад, 35",Мирабадский район,Пн: 10:00-02:30; Вт: 10:00-02:30; Ср: 10:00-02:30; Чт: 10:00-02:30; Пт: 10:00-02:30; Сб: 10:00-02:30; Вс: 10:00-02:30,3,+998712036666 (служба доставки: пн-вс 10:00-2:00 ),1174 (контакт-центр: пн-вс 10:00-2:00),,https://instagram.com/bellissimouz,,https://facebook.com/bellissimouz,69.271043,41.293548,https://2gis.com/firm/70000001042778830
Norin house,точка по продаже нарына,"Малая кольцевая дорога, 102/1",Юнусабадский район,Пн: 10:00-19:00; Вт: 10:00-19:00; Ср: 10:00-19:00; Чт: 10:00-19:00; Пт: 10:00-19:00; Сб: 10:00-19:00; Вс: 10:00-19:00,,(99897) 755-6555,,,,,,69.299449,41.332879,https://2gis.com/firm/70000001064314613
Pomod`oro,кафе итальянской кухни,"Паркентское шоссе, 170",Яшнабадский район,Пн: 09:00-23:00; Вт: 09:00-23:00; Ср: 09:00-23:00; Чт: 09:00-23:00; Пт: 09:00-23:00; Сб: 09:00-23:00; Вс: 09:00-23:00,3.7,(99899) 115-0052,+998991150051 (служба доставки - пн-вс 9:00-23:00),,https://instagram.com/cafe.pomodoro,,,69.333305,41.310924,https://2gis.com/firm/70000001059054725
Madbrick,лаунж-бар,"Ислама Каримова, 2а",Мирабадский район,Пн: 16:00-03:00; Вт: 16:00-03:00; Ср: 16:00-03:00; Чт: 16:00-03:00; Пт: 16:00-03:00; Сб: 16:00-03:00; Вс: 16:00-03:00,3,(99898) 362-2577,,,https://instagram.com/madbrick_lounge,,,69.275346,41.307797,https://2gis.com/firm/70000001059833106
Qoratosh,кафе-бар,"Фурката, 19",Шайхантахурский район,Пн: 11:00-23:00; Вт: 11:00-23:00; Ср: 11:00-23:00; Чт: 11:00-23:00; Пт: 11:00-23:00; Сб: 11:00-23:00; Вс: 11:00-23:00,3.5,(99871) 245-0355,(99899) 346-4708,,,,,69.241302,41.316062,https://2gis.com/firm/70000001036607619
Munisa,кафе,"Карасу, 13",Яшнабадский район,Пн: 08:00-23:00; Вт: 08:00-23:00; Ср: 08:00-23:00; Чт: 08:00-23:00; Пт: 08:00-23:00; Сб: 08:00-23:00; Вс: 08:00-23:00,3.7,(99897) 710-8252,(99891) 012-9797,,,,,69.33823,41.289266,https://2gis.com/firm/70000001059403667
Brasserie,кафе,"Ниёзбек Йули, 2",Юнусабадский район,Пн: 11:00-05:00; Вт: 11:00-05:00; Ср: 11:00-05:00; Чт: 11:00-05:00; Пт: 11:00-05:00; Сб: 11:00-05:00; Вс: 11:00-05:00 (служба доставки: пн-вс 11:00-04:00),3,(99899) 353-9977,,,https://instagram.com/brasserieminor,,,69.283226,41.325332,https://2gis.com/firm/70000001063258429
Franklin`s,кафе,"Буюк Ипак Йули, 156а",Мирзо-Улугбекский район,Пн: 12:00-01:00; Вт: 12:00-01:00; Ср: 12:00-01:00; Чт: 12:00-01:00; Пт: 12:00-01:00; Сб: 12:00-01:00; Вс: 12:00-01:00,3.8,(99899) 804-4848,,,https://instagram.com/franklins_uz,,https://facebook.com/franklinsuz,69.341342,41.327588,https://2gis.com/firm/70000001037038347
Mandarin,кафе-бар,"Ислама Каримова, 8в/1",Чиланзарский район,Пн: 10:00-01:00; Вт: 10:00-01:00; Ср: 10:00-01:00; Чт: 10:00-01:00; Пт: 10:00-01:00; Сб: 10:00-01:00; Вс: 10:00-01:00,4.3,,,,,,,69.244163,41.311264,https://2gis.com/firm/70000001036684735
Киш-миш,кафе,"Малая кольцевая дорога, 124",Мирзо-Улугбекский район,Пн: 11:00-22:00; Вт: 11:00-22:00; Ср: 11:00-22:00; Чт: 11:00-22:00; Пт: 11:00-22:00; Сб: 11:00-22:00; Вс: 11:00-22:00,,,,,,,,69.301771,41.333221,https://2gis.com/firm/70000001064040282
у Лили,кафе,"Султанали Машхади, 96",Яшнабадский район,Пн: 09:00-23:00; Вт: 09:00-23:00; Ср: 09:00-23:00; Чт: 09:00-23:00; Пт: 09:00-23:00; Сб: 09:00-23:00; Вс: 09:00-23:00,2.4,(99871) 269-7188,(99890) 168-8100,,,,,69.317781,41.31161,https://2gis.com/firm/70000001041175877
Парвоз,кафе,"Сайилгох, 31Б",Яшнабадский район,Пн: 09:00-23:00; Вт: 09:00-23:00; Ср: 09:00-23:00; Чт: 09:00-23:00; Пт: 09:00-23:00; Сб: 09:00-23:00; Вс: 09:00-23:00,,(99897) 333-9737,,,,,,69.310907,41.30294,https://2gis.com/firm/70000001037150051
Bek Osiyo,кафе,"Абдуллы Каххара, 47/2",Яккасарайский район,Пн: 08:00-23:00; Вт: 08:00-23:00; Ср: 08:00-23:00; Чт: 08:00-23:00; Пт: 08:00-23:00; Сб: 08:00-23:00; Вс: 08:00-23:00,4.2,(99895) 177-0809,(99894) 688-9559,,,,,69.262313,41.278577,https://2gis.com/firm/70000001036946607
China Xibei Noodles,кафе китайской кухни,"Афрасиаб, 6",Мирабадский район,Пн: 10:00-22:00; Вт: 10:00-22:00; Ср: 10:00-22:00; Чт: 10:00-22:00; Пт: 10:00-22:00; Сб: 10:00-22:00; Вс: 10:00-22:00,4.8,(99890) 018-6888,(99871) 256-2888,,https://instagram.com/china.xibei.noodles,,,69.268852,41.301563,https://2gis.com/firm/70000001056623530
Чёрная Кошка,трактир,"Амира Темура проспект, 41/8",Юнусабадский район,Пн: 12:00-22:30; Вт: 12:00-22:30; Ср: 12:00-22:30; Чт: 12:00-22:30; Пт: 12:00-22:30; Сб: 12:00-22:30; Вс: 12:00-22:30 (служба доставки: пн-вс 11:00-22:00),4,(99895) 194-5586,(99890) 925-3888,,,,,69.289852,41.36032,https://2gis.com/firm/70000001039265821
Burger&Lounge,кафе,"Буюк Ипак Йули, 158а",Мирзо-Улугбекский район,Пн: 11:00-24:00; Вт: 11:00-24:00; Ср: 11:00-24:00; Чт: 11:00-24:00; Пт: 11:00-24:00; Сб: 11:00-24:00; Вс: 11:00-24:00,5,(99897) 411-2022,(99897) 411-2122,,https://instagram.com/burgerandlounge,,https://facebook.com/BurgerandLounge,69.343404,41.32776,https://2gis.com/firm/70000001037038359
Getashen smoker bar,лаунж-бар,"Эски-Сарикул 2-й проезд, 25/1",Мирабадский район,Пн: 11:00-24:00; Вт: 11:00-24:00; Ср: 11:00-24:00; Чт: 11:00-24:00; Пт: 11:00-24:00; Сб: 11:00-24:00; Вс: 11:00-24:00,3.3,(99890) 167-8806,,,https://instagram.com/getashensmoker,,https://facebook.com/GetashenSmoker,69.290159,41.28352,https://2gis.com/firm/70000001049276309
LaTambur,кафе,"Равнак, 11",Мирзо-Улугбекский район,Пн: 10:00-23:00; Вт: 10:00-23:00; Ср: 10:00-23:00; Чт: 10:00-23:00; Пт: 10:00-23:00; Сб: 10:00-23:00; Вс: 10:00-23:00,5,(99871) 208-9002,(99899) 091-0011,,https://instagram.com/latambur_uzb,,https://facebook.com/LaTambur,69.322504,41.335602,https://2gis.com/firm/70000001053335277
Papakha,кафе,"Истикбол, 24",Мирабадский район,Пн: 10:00-23:00; Вт: 10:00-23:00; Ср: 10:00-23:00; Чт: 10:00-23:00; Пт: 10:00-23:00; Сб: 10:00-23:00; Вс: 10:00-23:00,5,(99890) 950-5003,,,https://instagram.com/papakha.uz,,,69.286724,41.303789,https://2gis.com/firm/70000001061422208
Центр плова,,"Мурувват, 115а",Яшнабадский район,Пн: 09:00-22:00; Вт: 09:00-22:00; Ср: 09:00-22:00; Чт: 09:00-22:00; Пт: 09:00-22:00; Сб: 09:00-22:00; Вс: 09:00-22:00,2.7,,,,,,,69.342555,41.276551,https://2gis.com/firm/70000001047619131
Fabula Lounge,кафе-бар,"Абдуллы Кадыри, 1/1",Юнусабадский район,Пн: 12:00-03:00; Вт: 12:00-03:00; Ср: 12:00-03:00; Чт: 12:00-03:00; Пт: 12:00-03:00; Сб: 12:00-03:00; Вс: 12:00-03:00,,,,,https://instagram.com/fabula.uzb,,https://facebook.com/fabula.uz,69.284767,41.321949,https://2gis.com/firm/70000001050673297
Buxoro,кафе,"Амира Темура проспект, 110",Юнусабадский район,Пн: 11:30-22:00; Вт: 11:30-22:00; Ср: 11:30-22:00; Чт: 11:30-22:00; Пт: 11:30-22:00; Сб: 11:30-22:00; Вс: 11:30-22:00,4.4,(99893) 580-8515,,,,,,69.288471,41.348968,https://2gis.com/firm/70000001038157975
Makkoli,кафе,"Садыка Азимова, 63",Яшнабадский район,Пн: 11:00-23:00; Вт: 11:00-23:00; Ср: 11:00-23:00; Чт: 11:00-23:00; Пт: 11:00-23:00; Сб: 11:00-23:00; Вс: 11:00-23:00,5,(99833) 883-3388,,,,,,69.290221,41.305169,https://2gis.com/firm/70000001065426264
Vostok,кафе,"Хамал, 25/2",Мирабадский район,Пн: 10:00-23:00; Вт: 10:00-23:00; Ср: 10:00-23:00; Чт: 10:00-23:00; Пт: 10:00-23:00; Сб: 10:00-23:00; Вс: 10:00-23:00,4.8,(99891) 780-5558,,,https://instagram.com/vostok_tashkent,,,69.301775,41.284035,https://2gis.com/firm/70000001050388371
Татьяна,кафе,"Султанали Машхади, 43",Яшнабадский район,Пн: 10:00-23:00; Вт: 10:00-23:00; Ср: 10:00-23:00; Чт: 10:00-23:00; Пт: 10:00-23:00; Сб: 10:00-23:00; Вс: 10:00-23:00,3.1,(99871) 267-3601,(99890) 353-5200,,,,,69.315796,41.312545,https://2gis.com/firm/70000001037295512
Bamboo,Noodle House,"Ферганское шоссе, 222/4",Мирабадский район,Пн: 10:00-23:00; Вт: 10:00-23:00; Ср: 10:00-23:00; Чт: 10:00-23:00; Пт: 10:00-23:00; Сб: 10:00-23:00; Вс: 10:00-23:00,4.7,(99893) 566-1888,,,https://instagram.com/lanzhoucafeuzb,,,69.304845,41.282888,https://2gis.com/firm/70000001037252421
Diadora,кафе,"Гульсанам, 44Б",Мирзо-Улугбекский район,Пн: 09:00-22:00; Вт: 09:00-22:00; Ср: 09:00-22:00; Чт: 09:00-22:00; Пт: 09:00-22:00; Сб: 09:00-22:00; Вс: 09:00-22:00,3.4,(99871) 264-1181,,,,,,69.386246,41.358232,https://2gis.com/firm/70000001037248570
Бистро Дархан,кафе,"Мустакиллик проспект, 59в",Мирзо-Улугбекский район,Пн: 08:00-18:00; Вт: 08:00-18:00; Ср: 08:00-18:00; Чт: 08:00-18:00; Пт: 08:00-18:00; Сб: 08:00-18:00; Вс: 08:00-18:00,1,(99871) 237-4720,,,,,,69.295746,41.319071,https://2gis.com/firm/70000001054328811
Do`stlar,сеть кафе,"Ислама Каримова, 17Б/1",Мирабадский район,Пн: 08:00-20:00; Вт: 08:00-20:00; Ср: 08:00-20:00; Чт: 08:00-20:00; Пт: 08:00-20:00; Сб: 08:00-20:00; Вс: 08:00-17:00,4.6,(99871) 252-7519,,,,,,69.270486,41.307455,https://2gis.com/firm/70000001036537922
Grusha,кафе,"Мукими 1-й проезд, 8Б",Яккасарайский район,Пн: 08:00-23:00; Вт: 08:00-23:00; Ср: 08:00-23:00; Чт: 08:00-23:00; Пт: 08:00-23:00; Сб: 08:00-23:00; Вс: 08:00-23:00,3,,,,https://instagram.com/_grusha_cafe,,,69.248589,41.279739,https://2gis.com/firm/70000001057791391
In House,лаундж-бар,"Осиё, 35",Юнусабадский район,Пн: 11:00-03:00; Вт: 11:00-03:00; Ср: 11:00-03:00; Чт: 11:00-03:00; Пт: 11:00-03:00; Сб: 11:00-03:00; Вс: 11:00-03:00,,(99871) 234-4150,(99890) 950-0032,,,,,69.289233,41.327274,https://2gis.com/firm/70000001036809326
Mustafa,кафе турецкой кухни,"Айбека, 44",Мирабадский район,Пн: 09:00-23:00; Вт: 09:00-23:00; Ср: 09:00-23:00; Чт: 09:00-23:00; Пт: 09:00-23:00; Сб: 09:00-23:00; Вс: 10:00-23:00,3.2,(99893) 172-0304,,,,,,69.282223,41.291067,https://2gis.com/firm/70000001036859331
Le Taom,кафе,"Паркентское шоссе, 180/1",Яшнабадский район,Пн: 11:00-23:00; Вт: 11:00-23:00; Ср: 11:00-23:00; Чт: 11:00-23:00; Пт: 11:00-23:00; Сб: 11:00-23:00; Вс: 11:00-23:00,3.9,(99899) 553-8888,,,,,,69.338038,41.306471,https://2gis.com/firm/70000001051568047
Nihol jojalari,сеть кафе,"Абдуллы Кадыри, 9а",Шайхантахурский район,Пн: 10:00-22:00; Вт: 10:00-22:00; Ср: 10:00-22:00; Чт: 10:00-22:00; Пт: 10:00-22:00; Сб: 10:00-22:00; Вс: 10:00-22:00,3,(99895) 170-9536,,,,,,69.252382,41.326976,https://2gis.com/firm/70000001036982936
Sam Tabaka,кафе,"Осиё, 3",Мирзо-Улугбекский район,Пн: 10:00-22:30; Вт: 10:00-22:30; Ср: 10:00-22:30; Чт: 10:00-22:30; Пт: 10:00-22:30; Сб: 10:00-22:30; Вс: 10:00-22:30,5,(99877) 007-0807,,,https://instagram.com/sam.tabaka,,,69.296526,41.324885,https://2gis.com/firm/70000001067029830
Minor,центр плова,"Минор 1-й тупик, 4г/1",Юнусабадский район,Пн: 11:00-17:00; Вт: 11:00-17:00; Ср: 11:00-17:00; Чт: 11:00-17:00; Пт: 11:00-17:00; Сб: 11:00-17:00; Вс: 11:00-17:00,5,(99899) 789-0077,,,,,,69.27548,41.337486,https://2gis.com/firm/70000001040232568
Rashidov`s,кафе,"Абдуллы Кадыри, 1/3",Шайхантахурский район,Пн: 12:00-24:00; Вт: 12:00-24:00; Ср: 12:00-24:00; Чт: 12:00-24:00; Пт: 12:00-24:00; Сб: 12:00-24:00; Вс: 12:00-24:00,4.7,(99899) 933-3111,(99899) 944-4111,,https://instagram.com/rashidovs_coffee_barbeque,,https://facebook.com/myrashidovs,69.262465,41.324562,https://2gis.com/firm/70000001036946349
Bellissimo Pizza,сеть пиццерий,"Узбекистан овози, 21",Мирзо-Улугбекский район,Пн: 10:00-02:30; Вт: 10:00-02:30; Ср: 10:00-02:30; Чт: 10:00-02:30; Пт: 10:00-02:30; Сб: 10:00-02:30; Вс: 10:00-02:30,4.6,+998712036666 (служба доставки: пн-вс 10:00-2:00 ),1174 (контакт-центр: пн-вс 10:00-2:00),,https://instagram.com/bellissimouz,,https://facebook.com/bellissimouz,69.291073,41.312014,https://2gis.com/firm/70000001037995608
Anjir,миллий таомлар,"Янги Юнусабад, 14",Юнусабадский район,Пн: 10:00-23:00; Вт: 10:00-23:00; Ср: 10:00-23:00; Чт: 10:00-23:00; Пт: 10:00-23:00; Сб: 10:00-23:00; Вс: 10:00-23:00,3.8,(99895) 142-7020,,,,,,69.301653,41.366888,https://2gis.com/firm/70000001037691567
Rayhon,миллий таомлар,"Массив Гулобод, 266",Шайхантахурский район,Пн: 10:00-22:00; Вт: 10:00-22:00; Ср: 10:00-22:00; Чт: 10:00-22:00; Пт: 10:00-22:00; Сб: 10:00-22:00; Вс: 10:00-22:00,4.6,(99899) 885-0102,,info@rayhon.uz,https://instagram.com/rayhonuz,,https://facebook.com/Rayhonmilliytaomlar,69.22843,41.322248,https://2gis.com/firm/70000001037130347
Рефе Дустлар,кафе,"Шахрисабзская, 22",Мирабадский район,Пн: 08:00-20:00; Вт: 08:00-20:00; Ср: 08:00-20:00; Чт: 08:00-20:00; Пт: 08:00-20:00; Сб: 08:00-20:00,4.5,,,,,,,69.276073,41.300357,https://2gis.com/firm/70000001038981551
Dilkash,кафе,"Мехржон, 60а",Мирабадский район,Пн: 07:00-23:00; Вт: 07:00-23:00; Ср: 07:00-23:00; Чт: 07:00-23:00; Пт: 07:00-23:00; Сб: 07:00-23:00; Вс: 07:00-23:00,5,,,,,,,69.28739,41.287663,https://2gis.com/firm/70000001039354979
Diydor,чайхана,"Кукча-Дарвоза, 318Б",Шайхантахурский район,Пн: 10:00-22:00; Вт: 10:00-22:00; Ср: 10:00-22:00; Чт: 10:00-22:00; Пт: 10:00-22:00; Сб: 10:00-22:00; Вс: 10:00-22:00,,(99871) 249-5577,,,,,,69.210916,41.32281,https://2gis.com/firm/70000001054762006
Oshi Amiri,кафе,"Башлык жилмассив, 8в",Яккасарайский район,Пн: 10:00-23:00; Вт: 10:00-23:00; Ср: 10:00-23:00; Чт: 10:00-23:00; Пт: 10:00-23:00; Сб: 10:00-23:00; Вс: 10:00-23:00,4.5,(99890) 009-5935,(99890) 999-5935,,,,,69.257477,41.269555,https://2gis.com/firm/70000001048924817
Гиждуван,сеть кафе,"Султанали Машхади, 186/1",Яшнабадский район,Пн: 10:00-23:00; Вт: 10:00-23:00; Ср: 10:00-23:00; Чт: 10:00-23:00; Пт: 10:00-23:00; Сб: 10:00-23:00; Вс: 10:00-23:00,3.7,+998909298228 (единый номер - пн-вс 11:00-22:00),,,,,,69.323687,41.309572,https://2gis.com/firm/70000001037309316
Мангал,кафе,"Кары-Ниязи, 11/1",Мирзо-Улугбекский район,Пн: 11:00-23:00; Вт: 11:00-23:00; Ср: 11:00-23:00; Чт: 11:00-23:00; Пт: 11:00-23:00; Сб: 11:00-23:00; Вс: 11:00-23:00,,(99871) 237-3507,,,,,,69.298713,41.322298,https://2gis.com/firm/70000001044109954
Hoshang,кафе,"Фараби, 80",Алмазарский район,Пн: 10:00-22:00; Вт: 10:00-22:00; Ср: 10:00-22:00; Чт: 10:00-22:00; Пт: 10:00-22:00; Сб: 10:00-22:00; Вс: 10:00-22:00,4,,,,,,,69.231312,41.331405,https://2gis.com/firm/70000001038613995
Вечер,кафе-бар,"Оккургон, 31",Мирзо-Улугбекский район,Пн: 10:00-23:00; Вт: 10:00-23:00; Ср: 10:00-23:00; Чт: 10:00-23:00; Пт: 10:00-23:00; Сб: 10:00-23:00; Вс: 10:00-23:00,5,(99871) 235-1550,,,,,,69.304512,41.330804,https://2gis.com/firm/70000001039996745
Дым Завод,кафе-бар,"Бешагач микрорайон, 6а",Шайхантахурский район,Пн: 11:00-03:00; Вт: 11:00-03:00; Ср: 11:00-03:00; Чт: 11:00-03:00; Пт: 11:00-03:00; Сб: 11:00-03:00; Вс: 11:00-03:00,3,(99899) 815-5557,,,,,,69.237998,41.30861,https://2gis.com/firm/70000001040095916
Zohid Kebab,сеть кафе,"Мукими, 20 Б-3",Чиланзарский район,Пн: 10:00-23:00; Вт: 10:00-23:00; Ср: 10:00-23:00; Чт: 10:00-23:00; Пт: 10:00-23:00; Сб: 10:00-23:00; Вс: 10:00-23:00,5,+998555004500 (единый номер - пн-вс 7:00-3:00),,,https://instagram.com/zohidkebab,,,69.226856,41.290276,https://2gis.com/firm/70000001048490843
Самовар,чайхана,"Богишамол проезд, 79",Юнусабадский район,Пн: 11:00-23:00; Вт: 11:00-23:00; Ср: 11:00-23:00; Чт: 11:00-23:00; Пт: 11:00-23:00; Сб: 11:00-23:00; Вс: 11:00-23:00,3.7,(99899) 434-2683,(99899) 888-0232,,,,,69.312175,41.335523,https://2gis.com/firm/70000001061933118
Lagman House,кафе,"Фараби 2-й проезд, 10",Алмазарский район,Пн: 00:00-24:00; Вт: 00:00-24:00; Ср: 00:00-24:00; Чт: 00:00-24:00; Пт: 00:00-24:00; Сб: 00:00-24:00; Вс: 00:00-24:00,3.3,(99890) 350-5566,(99890) 335-5566,,https://instagram.com/lagmanhouse.uz,,https://facebook.com/lagmanhouse.uz,69.232476,41.330928,https://2gis.com/firm/70000001038400331
Каролина,кафе,"Сарыкульская, 8/1",Мирабадский район,Пн: 12:00-23:00; Вт: 12:00-23:00; Ср: 12:00-23:00; Чт: 12:00-23:00; Пт: 12:00-23:00; Сб: 12:00-23:00,,(99871) 283-8181,,,,,,69.282965,41.286387,https://2gis.com/firm/70000001038171708
China Xibei,кафе,"Нукусская, 83а",Мирабадский район,Пн: 10:00-22:00; Вт: 10:00-22:00; Ср: 10:00-22:00; Чт: 10:00-22:00; Пт: 10:00-22:00; Сб: 10:00-22:00; Вс: 10:00-22:00,,(99890) 825-6888,,,,,,69.271322,41.286325,https://2gis.com/firm/70000001062279970
Ильмира,кафе,"Султанали Машхади, 210/3",Яшнабадский район,Пн: 11:00-23:00; Вт: 11:00-23:00; Ср: 11:00-23:00; Чт: 11:00-23:00; Пт: 11:00-23:00; Сб: 11:00-23:00; Вс: 11:00-23:00,5,(99898) 127-3131,,,https://instagram.com/cafe_ilmira,,,69.327424,41.307934,https://2gis.com/firm/70000001039854396
Woodu Lounge,кафе,"Амира Темура проспект, 25",Юнусабадский район,Пн: 11:00-03:00; Вт: 11:00-03:00; Ср: 11:00-03:00; Чт: 11:00-03:00; Пт: 11:00-03:00; Сб: 11:00-03:00; Вс: 11:00-03:00,4.3,(99897) 441-3211,(99899) 209-1771,,https://instagram.com/woodu_lounge,,,69.280931,41.31855,https://2gis.com/firm/70000001037357735
Mig Bistro,кафе,"Мирзо Улугбека проспект, 52",Мирзо-Улугбекский район,Пн: 00:00-24:00; Вт: 00:00-24:00; Ср: 00:00-24:00; Чт: 00:00-24:00; Пт: 00:00-24:00; Сб: 00:00-24:00,3.1,,,,,,,69.32424,41.32387,https://2gis.com/firm/70000001036616219
Кафе 49,,"Шота Руставели, 18",Яккасарайский район,Пн: 12:00-03:00; Вт: 12:00-03:00; Ср: 12:00-03:00; Чт: 12:00-03:00; Пт: 12:00-03:00; Сб: 12:00-03:00; Вс: 12:00-03:00,4.2,(99899) 408-4949,,,https://instagram.com/49_tashkent,,,69.264431,41.293794,https://2gis.com/firm/70000001036752002
Француз,кафе,"Мукими, 21",Чиланзарский район,Пн: 08:00-23:00; Вт: 08:00-23:00; Ср: 08:00-23:00; Чт: 08:00-23:00; Пт: 08:00-23:00; Сб: 08:00-23:00; Вс: 08:00-23:00,3.9,(99893) 545-1111,,,https://instagram.com/franz.uz,,,69.226202,41.290728,https://2gis.com/firm/70000001047764469
Ulfatlar,кафе,"Немата, 83",Мирзо-Улугбекский район,Пн: 09:00-22:00; Вт: 09:00-22:00; Ср: 09:00-22:00; Чт: 09:00-22:00; Пт: 09:00-22:00; Сб: 09:00-22:00; Вс: 09:00-22:00,4.8,(99871) 262-7262,,,,,,69.33353,41.350416,https://2gis.com/firm/70000001037874070
Моя семья,сеть кафе корейской кухни,"Абдуллы Каххара, 48а",Яккасарайский район,Пн: 11:00-23:00; Вт: 11:00-23:00; Ср: 11:00-23:00; Чт: 11:00-23:00; Пт: 11:00-23:00; Сб: 11:00-23:00; Вс: 11:00-23:00,3.4,(99890) 186-8008,,,https://instagram.com/moyasemya.cafe,,https://facebook.com/moyasemya.cafe,69.263323,41.275512,https://2gis.com/firm/70000001044129738
Tarnov Boshi,сеть кафе,"Бешагач микрорайон, 4",Шайхантахурский район,Пн: 10:30-23:00; Вт: 10:30-23:00; Ср: 10:30-23:00; Чт: 10:30-23:00; Пт: 10:30-23:00; Сб: 10:30-23:00; Вс: 10:30-23:00,4.9,+998555001001 (контакт-центр - пн-вс 10:30-22:30),,,,,,69.238902,41.309959,https://2gis.com/firm/70000001055579893
Gashtak,кафе,"Кары-Ниязи, 20",Мирзо-Улугбекский район,Пн: 10:00-23:00; Вт: 10:00-23:00; Ср: 10:00-23:00; Чт: 10:00-23:00; Пт: 10:00-23:00; Сб: 10:00-23:00; Вс: 10:00-23:00,5,(99895) 513-5555,,,https://instagram.com/gashtak.uz,,,69.298554,41.323655,https://2gis.com/firm/70000001047030168
Турецкий дворик,кафе,"Мирзо Улугбека проспект, 49",Мирзо-Улугбекский район,Пн: 11:00-23:00; Вт: 11:00-23:00; Ср: 11:00-23:00; Чт: 11:00-23:00; Пт: 11:00-23:00; Сб: 11:00-23:00,3.8,(99871) 268-0889,(99899) 055-0889,,https://instagram.com/turk_avlu,,,69.323042,41.323721,https://2gis.com/firm/70000001043999806
Payshanba,центр плова,"Кушбеги, 12/1",Яккасарайский район,Пн: 11:00-15:00; Вт: 11:00-15:00; Ср: 11:00-15:00; Чт: 11:00-15:00; Пт: 11:00-15:00; Сб: 11:00-15:00; Вс: 11:00-15:00,5,(99894) 656-0086,(99894) 656-0046,,,,,69.245025,41.273586,https://2gis.com/firm/70000001036989640
Пенная,кафе-бар,"Султанали Машхади, 186а",Яшнабадский район,Пн: 14:00-24:00; Вт: 14:00-24:00; Ср: 14:00-24:00; Чт: 14:00-24:00; Пт: 14:00-24:00; Сб: 14:00-24:00; Вс: 14:00-24:00,4.5,(99871) 269-3309,,,,,,69.323825,41.309426,https://2gis.com/firm/70000001037306443
Bodomzor,кафе,"Чингиза Айтматова, 45",Юнусабадский район,Пн: 10:00-22:00; Вт: 10:00-22:00; Ср: 10:00-22:00; Чт: 10:00-22:00; Пт: 10:00-22:00; Сб: 10:00-22:00; Вс: 10:00-22:00,3.5,(99871) 235-2527,,,,,,69.292453,41.336061,https://2gis.com/firm/70000001038195927
Миллий таомлар,,"Абдуллы Кадыри, 7/1",Шайхантахурский район,Пн: 11:00-16:00; Вт: 11:00-16:00; Ср: 11:00-16:00; Чт: 11:00-16:00; Пт: 11:00-16:00; Сб: 11:00-16:00,4,(99890) 983-7117,,,,,,69.261803,41.323393,https://2gis.com/firm/70000001039295900
Oshpaz.uz,кафе,"Урикзор, 136",Яккасарайский район,Пн: 11:00-23:00; Вт: 11:00-23:00; Ср: 11:00-23:00; Чт: 11:00-23:00; Пт: 11:00-23:00; Сб: 11:00-23:00; Вс: 11:00-23:00,1,(99895) 177-0330,(99890) 999-6595,,,,,69.247052,41.2934,https://2gis.com/firm/70000001037082503
9292,кафе южно-корейской кухни,"Таллимарджанская, 2",Мирабадский район,Пн: 11:00-23:00; Вт: 11:00-23:00; Ср: 11:00-23:00; Чт: 11:00-23:00; Пт: 11:00-23:00; Сб: 11:00-23:00; Вс: 11:00-23:00,3,(99890) 122-0332,(99890) 904-6511,,https://instagram.com/9292_korean_bbq,,,69.304252,41.278641,https://2gis.com/firm/70000001056714839
Buhoro,кафе,"Абдуллы Каххара, 49",Яккасарайский район,Пн: 11:00-23:00; Вт: 11:00-23:00; Ср: 11:00-23:00; Чт: 11:00-23:00; Пт: 11:00-23:00; Сб: 11:00-23:00; Вс: 11:00-23:00,4.5,,,,,,,69.26327,41.276816,https://2gis.com/firm/70000001037334658
Xadra,сеть кафе,"Массив Хадра, 1",Шайхантахурский район,Пн: 07:00-23:00; Вт: 07:00-23:00; Ср: 07:00-23:00; Чт: 07:00-23:00; Пт: 07:00-23:00; Сб: 07:00-23:00; Вс: 07:00-23:00,4.1,(99871) 244-7137,(99871) 244-7138,,https://instagram.com/xadra_milliy_taomlar,,,69.244997,41.324838,https://2gis.com/firm/70000001037040438
Виктория,кафе,"Боткина, 120",Яшнабадский район,Пн: 10:00-23:00; Вт: 10:00-23:00; Ср: 10:00-23:00; Чт: 10:00-23:00; Пт: 10:00-23:00; Сб: 10:00-23:00; Вс: 10:00-23:00,4,,,,,,,69.31917,41.310169,https://2gis.com/firm/70000001037343876
Bellissimo Pizza,сеть пиццерий,"Бабура, 6",Яккасарайский район,Пн: 10:00-22:00; Вт: 10:00-22:00; Ср: 10:00-22:00; Чт: 10:00-22:00; Пт: 10:00-22:00; Сб: 10:00-22:00; Вс: 10:00-22:00,4.7,+998712036666 (служба доставки: пн-вс 10:00-2:00 ),1174 (контакт-центр: пн-вс 10:00-2:00),,https://instagram.com/bellissimouz,,https://facebook.com/bellissimouz,69.249513,41.297975,https://2gis.com/firm/70000001036448024
Loza,кафе,"Фергана, 33",Шайхантахурский район,Пн: 12:00-23:00; Вт: 12:00-23:00; Ср: 12:00-23:00; Чт: 12:00-23:00; Пт: 12:00-23:00; Сб: 12:00-23:00; Вс: 12:00-23:00,4.5,(99897) 133-8555,,,https://instagram.com/loza.uz,,https://facebook.com/loza.uz,69.266592,41.326441,https://2gis.com/firm/70000001052384406
Grillades,кафе-бар,"Янгитарнов, 90",Юнусабадский район,Пн: 11:00-23:00; Вт: 11:00-23:00; Ср: 11:00-23:00; Чт: 11:00-23:00; Пт: 11:00-23:00; Сб: 11:00-23:00; Вс: 11:00-23:00,5,(99899) 380-0007,,,https://instagram.com/grillades.uz,,,69.2993,41.340593,https://2gis.com/firm/70000001038951115
Фрегат,кафе,"Камила Яшина, 2",Яккасарайский район,Пн: 10:00-02:00; Вт: 10:00-02:00; Ср: 10:00-02:00; Чт: 10:00-02:00; Пт: 10:00-02:00; Сб: 10:00-02:00; Вс: 10:00-02:00,3,(99871) 253-6142,(99893) 184-0065,,,,,69.240673,41.274242,https://2gis.com/firm/70000001036963963
Al Aziz,кафе,"Шарафа Рашидова проспект, 4а/2",Юнусабадский район,Пн: 10:00-23:00; Вт: 10:00-23:00; Ср: 10:00-23:00; Чт: 10:00-23:00; Пт: 10:00-23:00; Сб: 10:00-23:00; Вс: 10:00-23:00,4,(99871) 235-8454,(99871) 235-0426,,,,,69.270734,41.323252,https://2gis.com/firm/70000001036540554
Florya,сеть кафе,"Массив Хадра, 24",Шайхантахурский район,Пн: 00:00-24:00; Вт: 00:00-24:00; Ср: 00:00-24:00; Чт: 00:00-24:00; Пт: 00:00-24:00; Сб: 00:00-24:00; Вс: 00:00-24:00,5,(99895) 198-6266,(99890) 917-0704,,,,,69.250541,41.326434,https://2gis.com/firm/70000001037067935
Oshi Amiri,кафе,"Паркентское шоссе, 2а/3",Яшнабадский район,Пн: 09:00-23:00; Вт: 09:00-23:00; Ср: 09:00-23:00; Чт: 09:00-23:00; Пт: 09:00-23:00; Сб: 09:00-23:00; Вс: 09:00-23:00,3.3,(99833) 303-5935,,,,,,69.33112,41.312511,https://2gis.com/firm/70000001064796752
The Buffet,кафе,"Зульфияхоним, 12 БЦ",Шайхантахурский район,Пн: 08:00-20:00; Вт: 08:00-20:00; Ср: 08:00-20:00; Чт: 08:00-20:00; Пт: 08:00-20:00; Сб: 08:00-20:00,,(99890) 355-3195,,,https://instagram.com/the_._buffet,,,69.269012,41.331426,https://2gis.com/firm/70000001051291259
Socials,кафе,"Амира Темура проспект, 86",Юнусабадский район,Пн: 08:00-01:00; Вт: 08:00-01:00; Ср: 08:00-01:00; Чт: 08:00-01:00; Пт: 08:00-01:00; Сб: 08:00-01:00; Вс: 08:00-01:00 (зимний период: пн-вс 8:00-00:00),2,(99899) 084-8811,,,https://instagram.com/socials_uz,,https://facebook.com/socialscafeuz,69.283216,41.329266,https://2gis.com/firm/70000001067215689
Bambook,кафе,"Ферганское шоссе, 101а",Яшнабадский район,Пн: 10:00-23:00; Вт: 10:00-23:00; Ср: 10:00-23:00; Чт: 10:00-23:00; Пт: 10:00-23:00; Сб: 10:00-23:00; Вс: 10:00-23:00,4.8,,,,,,,69.310661,41.274391,https://2gis.com/firm/70000001037333613
Tower Top,кафе китайской кухни,"Минор жилмассив, 88",Юнусабадский район,Пн: 09:00-21:00; Вт: 09:00-21:00; Ср: 09:00-21:00; Чт: 09:00-21:00; Пт: 09:00-21:00; Сб: 09:00-21:00; Вс: 09:00-21:00,5,(99895) 086-5666,,,https://instagram.com/_towertop_,,,69.27766,41.328556,https://2gis.com/firm/70000001059273264
Хадра,кафе-бар,"Массив Хадра, 56а",Шайхантахурский район,Пн: 08:30-22:30; Вт: 08:30-22:30; Ср: 08:30-22:30; Чт: 08:30-22:30; Пт: 08:30-22:30; Сб: 08:30-22:30; Вс: 08:30-22:30,5,,,,,,,69.244478,41.323678,https://2gis.com/firm/70000001036558677
Gipnoze,лаундж-бар,"Фидокор, 40",Мирабадский район,Пн: 00:00-24:00; Вт: 00:00-24:00; Ср: 00:00-24:00; Чт: 00:00-24:00; Пт: 00:00-24:00; Сб: 00:00-24:00; Вс: 00:00-24:00,3,,,,,,,69.271446,41.294992,https://2gis.com/firm/70000001046315546
Mahmood Kabob,сеть кафе,"Массив Хадра, 1",Шайхантахурский район,Пн: 10:00-24:00; Вт: 10:00-24:00; Ср: 10:00-24:00; Чт: 10:00-24:00; Пт: 10:00-24:00; Сб: 10:00-24:00; Вс: 10:00-24:00,,+998997887777 (единый номер: пн-вс 10:00-19:00),,,https://instagram.com/mahmoodkabob,,,69.245301,41.325147,https://2gis.com/firm/70000001065497842
O`pera,кафе-бар,"Алишера Навои проспект, 7-8",Юнусабадский район,Пн: 00:00-24:00; Вт: 00:00-24:00; Ср: 00:00-24:00; Чт: 00:00-24:00; Пт: 00:00-24:00; Сб: 00:00-24:00; Вс: 00:00-24:00,1,+998781203700 (многоканальный),,,,,,69.280016,41.317435,https://2gis.com/firm/70000001036914791
Majnuntol,кафе,"Асалабад-2, 2а/1",Яшнабадский район,Пн: 10:30-23:00; Вт: 10:30-23:00; Ср: 10:30-23:00; Чт: 10:30-23:00; Пт: 10:30-23:00; Сб: 10:30-23:00; Вс: 10:30-23:00,4.3,,,,,,,69.335611,41.283669,https://2gis.com/firm/70000001037363931
Buyuk Istanbul,кафе турецкой кухни,"Сайрам 5-й проезд, 15/5",Мирзо-Улугбекский район,Пн: 10:00-22:30; Вт: 10:00-22:30; Ср: 10:00-22:30; Чт: 10:00-22:30; Пт: 10:00-22:30; Сб: 10:00-22:30; Вс: 10:00-22:30,,(99899) 701-5390,(99897) 189-8488,,https://instagram.com/buyuk.istanbul.505,,,69.321221,41.328237,https://2gis.com/firm/70000001067070972
Ayvon,кафе,"Мухаммада Юсуфа, 18",Мирзо-Улугбекский район,Пн: 09:00-22:00; Вт: 09:00-22:00; Ср: 09:00-22:00; Чт: 09:00-22:00; Пт: 09:00-22:00; Сб: 09:00-22:00; Вс: 09:00-22:00,2.5,(99895) 502-0101,,,,,,69.328223,41.317305,https://2gis.com/firm/70000001041484614
Bellissimo Pizza,сеть пиццерий,"Лабзак, 12/3",Шайхантахурский район,Пн: 10:00-02:30; Вт: 10:00-02:30; Ср: 10:00-02:30; Чт: 10:00-02:30; Пт: 10:00-02:30; Сб: 10:00-02:30; Вс: 10:00-02:30,5,+998712036666 (служба доставки: пн-вс 10:00-2:00 ),1174 (контакт-центр: пн-вс 10:00-2:00),,https://instagram.com/bellissimouz,,https://facebook.com/bellissimouz,69.26449,41.327399,https://2gis.com/firm/70000001045721846
Ирина,кафе,"Госпитальный жилмассив, 1/1",Мирабадский район,Пн: 08:00-18:00; Вт: 08:00-18:00; Ср: 08:00-18:00; Чт: 08:00-18:00; Пт: 08:00-18:00; Сб: 08:00-18:00,3.7,(99890) 999-5333,(99890) 999-2888,,,,,69.274781,41.290654,https://2gis.com/firm/70000001036816027
Чалагач,кафе кавказской кухни,"Богибустон, 3",Яккасарайский район,Пн: 11:00-23:00; Вт: 11:00-23:00; Ср: 11:00-23:00; Чт: 11:00-23:00; Пт: 11:00-23:00; Сб: 11:00-23:00; Вс: 11:00-23:00,4.8,(99898) 365-0203,,,https://instagram.com/chalagach_chalagach,,,69.240119,41.278662,https://2gis.com/firm/70000001036983602
Гиждуван,кафе узбекской кухни,"Олтинтепа, 233",Мирзо-Улугбекский район,Пн: 11:00-23:00; Вт: 11:00-23:00; Ср: 11:00-23:00; Чт: 11:00-23:00; Пт: 11:00-23:00; Сб: 11:00-23:00; Вс: 11:00-23:00,,(99871) 208-7222,+998998177773 (директор),,,,,69.338144,41.317225,https://2gis.com/firm/70000001059089263
Лагмон хона,кафе,"Ислама Каримова, 8Б/1",Чиланзарский район,Пн: 09:00-22:00; Вт: 09:00-22:00; Ср: 09:00-22:00; Чт: 09:00-22:00; Пт: 09:00-22:00; Сб: 09:00-22:00; Вс: 09:00-22:00,4.3,,,,,,,69.244705,41.311237,https://2gis.com/firm/70000001051215819
Ramiz,сеть кафе турецкой кухни,"Бабура, 174/22",Чиланзарский район,Пн: 11:00-24:00; Вт: 11:00-24:00; Ср: 11:00-24:00; Чт: 11:00-24:00; Пт: 11:00-24:00; Сб: 11:00-24:00; Вс: 11:00-24:00,5,(99899) 366-8080,,,https://instagram.com/kofteciramizuz,,,69.245123,41.303347,https://2gis.com/firm/70000001064227543
Gunes,кафе,"Матбуотчилар, 17",Юнусабадский район,Пн: 10:00-24:00; Вт: 10:00-24:00; Ср: 10:00-24:00; Чт: 10:00-24:00; Пт: 10:00-24:00; Сб: 10:00-24:00; Вс: 10:00-24:00,,(99899) 431-0003,,,https://instagram.com/gunes_cafehookah,,,69.273786,41.312642,https://2gis.com/firm/70000001063553811
Baxtiyor,миллий таомлар,"Козитарнов, 43",Юнусабадский район,Пн: 09:00-23:00; Вт: 09:00-23:00; Ср: 09:00-23:00; Чт: 09:00-23:00; Пт: 09:00-23:00; Сб: 09:00-23:00,5,(99890) 999-9371,(99899) 901-1109,,,,,69.298675,41.332614,https://2gis.com/firm/70000001036788987
Araks,кафе,"Мавлона Риёзи 2-й проезд, 18/1",Яшнабадский район,Пн: 10:00-23:00; Вт: 10:00-23:00; Ср: 10:00-23:00; Чт: 10:00-23:00; Пт: 10:00-23:00; Сб: 10:00-23:00; Вс: 10:00-23:00,5,(99871) 268-1143,,,,,,69.319267,41.313445,https://2gis.com/firm/70000001036743427
Диана,кафе,"Султанали Машхади, 35",Яшнабадский район,Пн: 10:00-19:00; Вт: 10:00-19:00; Ср: 10:00-19:00; Чт: 10:00-19:00; Пт: 10:00-19:00; Сб: 10:00-19:00; Вс: 10:00-19:00,3,,,,,,,69.31498,41.312821,https://2gis.com/firm/70000001037295515
Cay Simit,сеть кафе турецкой кухни,"Буюк Ипак Йули, 62",Мирзо-Улугбекский район,Пн: 07:00-23:00; Вт: 07:00-23:00; Ср: 07:00-23:00; Чт: 07:00-23:00; Пт: 07:00-23:00; Сб: 07:00-23:00; Вс: 07:00-23:00,1,(99899) 353-3380,,,https://instagram.com/cay_simit_uz,,,69.334955,41.326674,https://2gis.com/firm/70000001060680433
Kamolon,кафе,"Кораташ, 72",Шайхантахурский район,Пн: 00:00-24:00; Вт: 00:00-24:00; Ср: 00:00-24:00; Чт: 00:00-24:00; Пт: 00:00-24:00; Сб: 00:00-24:00; Вс: 00:00-24:00,2.4,(99871) 245-5087,(99899) 019-7046,,,,,69.235383,41.31414,https://2gis.com/firm/70000001037374160
Sunrise,кафе,"Сайхун, 171",Мирабадский район,Пн: 10:00-23:00; Вт: 10:00-23:00; Ср: 10:00-23:00; Чт: 10:00-23:00; Пт: 10:00-23:00; Сб: 10:00-23:00; Вс: 10:00-23:00,3,(99895) 198-8874,,,https://instagram.com/kafe_sunrise,,,69.304219,41.28187,https://2gis.com/firm/70000001038173070
Бай-хан,кафе казахской кухни,"Богишамол, 221г/2",Юнусабадский район,Пн: 11:00-23:00; Вт: 11:00-23:00; Ср: 11:00-23:00; Чт: 11:00-23:00; Пт: 11:00-23:00; Сб: 11:00-23:00; Вс: 11:00-23:00,1,(99890) 338-1709,(99893) 477-0048,,,,,69.324818,41.351422,https://2gis.com/firm/70000001064713201
Премьера,кафе,"Авиасозлар 3-й квартал микрорайон, 5/1",Яшнабадский район,Пн: 11:00-23:00; Вт: 11:00-23:00; Ср: 11:00-23:00; Чт: 11:00-23:00; Пт: 11:00-23:00; Сб: 11:00-23:00; Вс: 11:00-23:00,2.3,(99893) 558-0234,(99871) 296-4371,,,,,69.341168,41.286627,https://2gis.com/firm/70000001037016130
Chaman,кафе армянской кухни,"Бабура, 174/18",Чиланзарский район,Пн: 10:00-22:00; Вт: 10:00-22:00; Ср: 10:00-22:00; Чт: 10:00-22:00; Пт: 10:00-22:00; Сб: 10:00-22:00; Вс: 10:00-22:00,1.5,(99899) 465-3019,(99897) 706-3013,,https://instagram.com/chaman.armenianfood,,,69.245171,41.302875,https://2gis.com/firm/70000001044049170
Osiyo,чайхана,"Осиё, 39",Юнусабадский район,Пн: 09:00-23:00; Вт: 09:00-23:00; Ср: 09:00-23:00; Чт: 09:00-23:00; Пт: 09:00-23:00; Сб: 09:00-23:00; Вс: 09:00-23:00,,(99890) 374-8088,(99871) 234-6776,,,,,69.289669,41.327422,https://2gis.com/firm/70000001036809273
Mulla Do`st,кафе,"Тахтапуль, 17а",Шайхантахурский район,Пн: 10:00-23:00; Вт: 10:00-23:00; Ср: 10:00-23:00; Чт: 10:00-23:00; Пт: 10:00-23:00; Сб: 10:00-23:00; Вс: 10:00-23:00,3,,,,,,,69.266299,41.339082,https://2gis.com/firm/70000001047808833
Qibray,миллий таомлар,"Малая кольцевая дорога, 120",Мирзо-Улугбекский район,Пн: 10:00-23:00; Вт: 10:00-23:00; Ср: 10:00-23:00; Чт: 10:00-23:00; Пт: 10:00-23:00; Сб: 10:00-23:00; Вс: 10:00-23:00,,(99899) 794-7000,,,,,,69.30122,41.333126,https://2gis.com/firm/70000001064040285
Beyoglu,кафе турецкой кухни,"Хушнаво 1-й проезд, 23/1",Юнусабадский район,Пн: 09:00-23:00; Вт: 09:00-23:00; Ср: 09:00-23:00; Чт: 09:00-23:00; Пт: 09:00-23:00; Сб: 09:00-23:00; Вс: 09:00-23:00,5,(99888) 134-3111,,,https://instagram.com/beyoglu__restaurant,,,69.289481,41.361957,https://2gis.com/firm/70000001064369867
Samdi,кафе,"Курган 5-й проезд, 23",Юнусабадский район,Пн: 09:00-23:00; Вт: 09:00-23:00; Ср: 09:00-23:00; Чт: 09:00-23:00; Пт: 09:00-23:00; Сб: 09:00-23:00; Вс: 09:00-23:00,4.8,(99893) 184-2283,,,,,,69.300671,41.333898,https://2gis.com/firm/70000001038245046
Artha,кафе,"Мукими 1-й проезд, 8а",Яккасарайский район,Пн: 08:00-22:00; Вт: 08:00-22:00; Ср: 08:00-22:00; Чт: 08:00-22:00; Пт: 08:00-22:00; Сб: 08:00-22:00; Вс: 10:00-22:00,3.7,(99890) 066-9911,,,https://instagram.com/artha.uz,,,69.24897,41.279189,https://2gis.com/firm/70000001058709735
Белый Журавль,кафе,"Амира Темура проспект, 146",Юнусабадский район,Пн: 11:00-24:00; Вт: 11:00-24:00; Ср: 11:00-24:00; Чт: 11:00-24:00; Пт: 11:00-24:00; Сб: 11:00-24:00; Вс: 11:00-24:00,4.1,(99899) 717-8880,,,https://instagram.com/beliyjuravl_uz,,https://facebook.com/beliyjuravl.uz,69.286922,41.366254,https://2gis.com/firm/70000001038950668
Миллий таомлар,,"Туркистон, 8",Мирабадский район,Пн: 08:00-21:00; Вт: 08:00-21:00; Ср: 08:00-21:00; Чт: 08:00-21:00; Пт: 08:00-21:00,,,,,,,,69.287876,41.293878,https://2gis.com/firm/70000001036709642
Феруза,кафе,"Мироншаха 4-й проезд, 48в",Мирабадский район,Пн: 10:00-22:00; Вт: 10:00-22:00; Ср: 10:00-22:00; Чт: 10:00-22:00; Пт: 10:00-22:00; Сб: 10:00-22:00; Вс: 10:00-22:00,,,,,,,,69.266797,41.283345,https://2gis.com/firm/70000001037267103
Табака №1,кафе,"Абдурауфа Фитрата, 1а/1",Мирабадский район,Пн: 09:00-22:00; Вт: 09:00-22:00; Ср: 09:00-22:00; Чт: 09:00-22:00; Пт: 09:00-22:00; Сб: 09:00-22:00; Вс: 09:00-22:00,,(99890) 906-5154,,,,,,69.309615,41.272514,https://2gis.com/firm/70000001064546176
Dapanji,кафе,"Турккурган, 9в",Юнусабадский район,Пн: 09:00-23:00; Вт: 09:00-23:00; Ср: 09:00-23:00; Чт: 09:00-23:00; Пт: 09:00-23:00; Сб: 09:00-23:00; Вс: 09:00-23:00,5,,,,,,,69.264429,41.34369,https://2gis.com/firm/70000001037823353
Davlat Food Group,кафе,"Богиравон, 47/1",Юнусабадский район,Пн: 11:00-15:00; Вт: 11:00-15:00; Ср: 11:00-15:00; Чт: 11:00-15:00; Пт: 11:00-15:00; Сб: 11:00-15:00; Вс: 11:00-15:00,5,(99898) 360-7690,,,,,,69.265928,41.345264,https://2gis.com/firm/70000001054917506
Зеленый Дворик,кафе,"Тараса Шевченко, 31а/1",Мирабадский район,Пн: 12:00-23:00; Вт: 12:00-23:00; Ср: 12:00-23:00; Чт: 12:00-23:00; Пт: 12:00-23:00; Сб: 18:00-23:00; Вс: 18:00-23:00,5,(99898) 126-6605,,,https://instagram.com/zeleniy_dvorik_uz,,,69.285484,41.294469,https://2gis.com/firm/70000001063762603
Ishtixon Zig`ir Osh,кафе,"Кушбеги, 14а/1",Яккасарайский район,Пн: 00:00-24:00; Вт: 00:00-24:00; Ср: 00:00-24:00; Чт: 00:00-24:00; Пт: 00:00-24:00; Сб: 00:00-24:00; Вс: 00:00-24:00,4.3,(99871) 250-3134,(99893) 343-8048,,https://instagram.com/ishtixonzigirosh,,,69.245018,41.272962,https://2gis.com/firm/70000001050073102
Акмал Олтин Балик,кафе,"Мураббий, 107а",Яшнабадский район,Пн: 09:00-22:00; Вт: 09:00-22:00; Ср: 09:00-22:00; Чт: 09:00-22:00; Пт: 09:00-22:00; Сб: 09:00-22:00; Вс: 09:00-22:00,5,(99895) 145-4995,,,,,,69.377071,41.30276,https://2gis.com/firm/70000001038116213
Chust oshi №1,кафе,"Мухаммада Юсуфа, 8",Мирзо-Улугбекский район,Пн: 09:00-24:00; Вт: 09:00-24:00; Ср: 09:00-24:00; Чт: 09:00-24:00; Пт: 09:00-24:00; Сб: 09:00-24:00; Вс: 09:00-24:00,1,(99899) 839-7272,,,,,,69.328461,41.316367,https://2gis.com/firm/70000001066177180
Puro,сеть кафе,"Госпитальный жилмассив, 39а",Мирабадский район,Пн: 09:00-01:00; Вт: 09:00-01:00; Ср: 09:00-01:00; Чт: 09:00-01:00; Пт: 09:00-01:00; Сб: 09:00-01:00; Вс: 09:00-01:00,2.3,(99895) 090-3311,,,https://instagram.com/purogelateria,,,69.272878,41.291947,https://2gis.com/firm/70000001062726654
Медик,кафе,"Махтумкули, 103м",Яшнабадский район,Пн: 08:00-18:00; Вт: 08:00-18:00; Ср: 08:00-18:00; Чт: 08:00-18:00; Пт: 08:00-18:00; Сб: 08:00-18:00,1,,,,,,,69.303363,41.311161,https://2gis.com/firm/70000001037545470
Миллий таомлар,ИП Хидирова Н.Т.,"Садыка Азимова 3-й проезд, 24",Яшнабадский район,Пн: 11:00-23:00; Вт: 11:00-23:00; Ср: 11:00-23:00; Чт: 11:00-23:00; Пт: 11:00-23:00; Сб: 11:00-23:00,5,(99895) 143-5080,,,,,,69.291382,41.303172,https://2gis.com/firm/70000001036507875
Shirin hayot baraka,миллий таомлар,"Пахлавона Махмуда 2-й проезд, 17а",Яшнабадский район,Пн: 08:00-23:00; Вт: 08:00-23:00; Ср: 08:00-23:00; Чт: 08:00-23:00; Пт: 08:00-23:00; Сб: 08:00-23:00; Вс: 08:00-23:00,5,(99888) 333-1173,,,,,,69.306108,41.302671,https://2gis.com/firm/70000001064324944
Chor minor,кафе,"Шота Руставели, 32а",Яккасарайский район,Пн: 10:00-23:00; Вт: 10:00-23:00; Ср: 10:00-23:00; Чт: 10:00-23:00; Пт: 10:00-23:00; Сб: 10:00-23:00; Вс: 10:00-23:00,,(99891) 004-8899,,,,,,69.259314,41.291039,https://2gis.com/firm/70000001066266509
Мадина,миллий таомлар,"Бешарыкская, 34а",Яшнабадский район,Пн: 09:00-23:00; Вт: 09:00-23:00; Ср: 09:00-23:00; Чт: 09:00-23:00; Пт: 09:00-23:00; Сб: 09:00-23:00; Вс: 09:00-23:00,3,,,,,,,69.341005,41.283435,https://2gis.com/firm/70000001037340843
Befit Salateria,кафе,"Осиё, 1Б/1",Мирзо-Улугбекский район,Пн: 07:00-23:00; Вт: 07:00-23:00; Ср: 07:00-23:00; Чт: 07:00-23:00; Пт: 07:00-23:00; Сб: 08:00-22:00; Вс: 08:00-22:00,,(99893) 399-1100,,,https://instagram.com/befitsalateria.uz,,https://facebook.com/befitsalateria.uz,69.29595,41.324358,https://2gis.com/firm/70000001044244125
Ай-су,кафе,"Сарыкульская, 110",Мирабадский район,Пн: 00:00-24:00; Вт: 00:00-24:00; Ср: 00:00-24:00; Чт: 00:00-24:00; Пт: 00:00-24:00; Сб: 00:00-24:00; Вс: 00:00-24:00,5,,,,,,,69.284242,41.282903,https://2gis.com/firm/70000001037535766
Bursa,кафе турецкой кухни,"Фараби проезд, 96а",Алмазарский район,Пн: 11:30-23:00; Вт: 11:30-23:00; Ср: 11:30-23:00; Чт: 11:30-23:00; Пт: 13:30-23:00; Сб: 11:30-23:00; Вс: 11:30-23:00,4.2,(99895) 144-7070,,,https://instagram.com/bursadoner_uz,,https://facebook.com/bursadoneruz,69.216266,41.334346,https://2gis.com/firm/70000001041179116
G`ulja Xogo,кафе китайско-уйгурской кухни,"Малая кольцевая дорога, 8",Алмазарский район,Пн: 10:00-22:00; Вт: 10:00-22:00; Ср: 10:00-22:00; Чт: 10:00-22:00; Пт: 10:00-22:00; Сб: 10:00-22:00; Вс: 10:00-22:00,5,(99899) 807-8773,,,,,,69.225861,41.349444,https://2gis.com/firm/70000001064905270
Глав вкус,кафе-пекарня,"Оккургон, 33",Мирзо-Улугбекский район,Пн: 08:00-20:00; Вт: 08:00-20:00; Ср: 08:00-20:00; Чт: 08:00-20:00; Пт: 08:00-20:00; Сб: 08:00-20:00,1,,,,,,,69.305198,41.330006,https://2gis.com/firm/70000001054285615
Olov,кафе,"Ферганское шоссе, 63",Яшнабадский район,Пн: 00:00-24:00; Вт: 00:00-24:00; Ср: 00:00-24:00; Чт: 00:00-24:00; Пт: 00:00-24:00; Сб: 00:00-24:00; Вс: 00:00-24:00,5,(99871) 200-2012,,,,,,69.309591,41.276175,https://2gis.com/firm/70000001064530740
Chinor,кафе,"Шарк Тонги тупик, 17а",Чиланзарский район,Пн: 10:00-23:00; Вт: 10:00-23:00; Ср: 10:00-23:00; Чт: 10:00-23:00; Пт: 10:00-23:00; Сб: 10:00-23:00; Вс: 10:00-23:00,5,(99891) 190-3637,,,,,,69.227664,41.296875,https://2gis.com/firm/70000001036744058
Lokanta,кафе турецкой кухни,"Абдуллы Кадыри, 39/1",Шайхантахурский район,Пн: 09:00-18:00; Вт: 09:00-18:00; Ср: 09:00-18:00; Чт: 09:00-18:00; Пт: 09:00-18:00; Сб: 09:00-18:00; Вс: 09:00-18:00,,(99899) 502-0004,,,https://instagram.com/lokanta.uz,,,69.249259,41.326609,https://2gis.com/firm/70000001064264698
Ahmad Olmos jo`ja,кафе,"Кукча-Дарвоза, 487а",Учтепинский район,Пн: 09:00-23:00; Вт: 09:00-23:00; Ср: 09:00-23:00; Чт: 09:00-23:00; Пт: 09:00-23:00; Сб: 09:00-23:00; Вс: 09:00-23:00,5,(99890) 004-0404,,,,,https://facebook.com/axmadolmosjoja.uz,69.184008,41.313148,https://2gis.com/firm/70000001044082998
Bellissimo Pizza,сеть пиццерий,"Авиасозлар, 3",Яшнабадский район,Пн: 10:00-02:30; Вт: 10:00-02:30; Ср: 10:00-02:30; Чт: 10:00-02:30; Пт: 10:00-02:30; Сб: 10:00-02:30; Вс: 10:00-02:30,2.6,+998712036666 (служба доставки: пн-вс 10:00-2:00 ),1174 (контакт-центр: пн-вс 10:00-2:00),,https://instagram.com/bellissimouz,,https://facebook.com/bellissimouz,69.340976,41.291594,https://2gis.com/firm/70000001047857883
Нурли Сабох,миллий таомлар,"Истикбол, 45Б",Яшнабадский район,Пн: 08:00-22:00; Вт: 08:00-22:00; Ср: 08:00-22:00; Чт: 08:00-22:00; Пт: 08:00-22:00; Сб: 08:00-22:00; Вс: 08:00-22:00,,,,,,,,69.289699,41.301365,https://2gis.com/firm/70000001036530096
Bellissimo Pizza,сеть пиццерий,"Укчи, 2/11",Шайхантахурский район,Пн: 10:00-23:00; Вт: 10:00-23:00; Ср: 10:00-23:00; Чт: 10:00-23:00; Пт: 10:00-23:00; Сб: 10:00-23:00; Вс: 10:00-23:00,2.3,+998712036666 (служба доставки: пн-вс 10:00-2:00 ),1174 (контакт-центр: пн-вс 10:00-2:00),,https://instagram.com/bellissimouz,,https://facebook.com/bellissimouz,69.24969,41.31604,https://2gis.com/firm/70000001061420520
Бухоро,кафе,"Авиасозлар 3-й квартал микрорайон, 3Б",Яшнабадский район,Пн: 09:00-24:00; Вт: 09:00-24:00; Ср: 09:00-24:00; Чт: 09:00-24:00; Пт: 09:00-24:00; Сб: 09:00-24:00; Вс: 09:00-24:00,5,(99890) 935-5557,,,,,,69.338471,41.286841,https://2gis.com/firm/70000001043734818
Миллий таомлар,,"Малая кольцевая дорога, 33а",Юнусабадский район,Пн: 00:00-24:00; Вт: 00:00-24:00; Ср: 00:00-24:00; Чт: 00:00-24:00; Пт: 00:00-24:00; Сб: 00:00-24:00; Вс: 00:00-24:00,,,,,,,,69.294989,41.332565,https://2gis.com/firm/70000001064225366
Учкудук,кафе,"Махмуджона Гафурова, 183г",Чиланзарский район,Пн: 05:00-22:00; Вт: 05:00-22:00; Ср: 05:00-22:00; Чт: 05:00-22:00; Пт: 05:00-22:00; Сб: 05:00-22:00,5,,,,,,,69.250066,41.308385,https://2gis.com/firm/70000001036722693
Kervan,кафе турецкой кухни,"Массив Буюк Ипак Йули, 38",Мирзо-Улугбекский район,Пн: 08:00-22:00; Вт: 08:00-22:00; Ср: 08:00-22:00; Чт: 08:00-22:00; Пт: 08:00-22:00; Сб: 08:00-22:00; Вс: 08:00-22:00,5,(99871) 233-0038,,,,,,69.289823,41.310981,https://2gis.com/firm/70000001045452879
Buxoro,кафе,"Абдурауфа Фитрата, 93а",Мирабадский район,Пн: 09:00-22:00; Вт: 09:00-22:00; Ср: 09:00-22:00; Чт: 09:00-22:00; Пт: 09:00-22:00; Сб: 09:00-22:00; Вс: 09:00-22:00,,(99871) 283-2922,,,,,,69.29908,41.269011,https://2gis.com/firm/70000001037936728
Bodom,кафе,"Чингиза Айтматова, 66",Юнусабадский район,Пн: 07:00-24:00; Вт: 07:00-24:00; Ср: 07:00-24:00; Чт: 07:00-24:00; Пт: 07:00-24:00; Сб: 07:00-24:00; Вс: 07:00-24:00,4.7,(99893) 683-3237,,,,,,69.293229,41.337271,https://2gis.com/firm/70000001054047534
У Сейрана,кафе,"Сайрам, 17/1",Мирзо-Улугбекский район,Пн: 10:00-22:00; Вт: 10:00-22:00; Ср: 10:00-22:00; Чт: 10:00-22:00; Пт: 10:00-22:00; Сб: 10:00-22:00; Вс: 10:00-22:00,3,,,,,,,69.324476,41.333535,https://2gis.com/firm/70000001053172907
Rost-Baraka,центр плова,"Чингиза Айтматова, 35",Юнусабадский район,Пн: 09:00-22:00; Вт: 09:00-22:00; Ср: 09:00-22:00; Чт: 09:00-22:00; Пт: 09:00-22:00; Сб: 09:00-22:00; Вс: 09:00-22:00,4.2,(99871) 235-5980,(99890) 129-0804,,,,,69.291619,41.33239,https://2gis.com/firm/70000001036882537
Chicken best,кафе,"Махмуджона Гафурова, 183/1",Чиланзарский район,Пн: 12:00-21:30; Вт: 12:00-21:30; Ср: 12:00-21:30; Чт: 12:00-21:30; Пт: 12:00-21:30; Сб: 12:00-21:30,4.5,(99890) 805-2306,,,,,,69.246346,41.308444,https://2gis.com/firm/70000001036661738
Oshpalov,кафе,"Буюк Ипак Йули, 115а",Мирзо-Улугбекский район,Пн: 09:00-23:00; Вт: 09:00-23:00; Ср: 09:00-23:00; Чт: 09:00-23:00; Пт: 09:00-23:00; Сб: 09:00-23:00; Вс: 09:00-23:00,4,+998882689999 (служба доставки: пн-вс 9:00-22:00),,,https://instagram.com/oshpalovuz,,,69.334498,41.327362,https://2gis.com/firm/70000001065136404
Gangnam,кафе,"Шахриобод, 1",Мирзо-Улугбекский район,Пн: 09:00-21:00; Вт: 09:00-21:00; Ср: 09:00-21:00; Чт: 09:00-21:00; Пт: 09:00-21:00; Сб: 09:00-21:00; Вс: 09:00-21:00,5,(99890) 975-9506,(99871) 269-0545,,,,,69.341613,41.346331,https://2gis.com/firm/70000001041146144
Lagman House,кафе,"Олтинтепа, 195/2",Мирзо-Улугбекский район,Пн: 08:00-20:00; Вт: 08:00-20:00; Ср: 08:00-20:00; Чт: 08:00-20:00; Пт: 08:00-20:00; Сб: 08:00-20:00,,(99890) 928-9993,,,,,,69.33569,41.315516,https://2gis.com/firm/70000001037343984
Fayz,миллий таомлар,"Ташкентская кольцевая автомобильная дорога, 29/1",Сергелийский район,Пн: 09:00-23:00; Вт: 09:00-23:00; Ср: 09:00-23:00; Чт: 09:00-23:00; Пт: 09:00-23:00; Сб: 09:00-23:00; Вс: 09:00-23:00,4,(99890) 934-8600,,,,,,69.275608,41.24462,https://2gis.com/firm/70000001043292715
Подворье,кафе,"Янги Юнусабад, 1/1",Юнусабадский район,Пн: 11:00-24:00; Вт: 11:00-24:00; Ср: 11:00-24:00; Чт: 11:00-24:00; Пт: 11:00-24:00; Сб: 11:00-24:00; Вс: 11:00-24:00,3.7,(99893) 593-6868,,,,,https://facebook.com/525526600969463,69.305858,41.367804,https://2gis.com/firm/70000001038034357
G`ijduvon,кафе,"Янги Юнусабад, 45в",Юнусабадский район,Пн: 10:00-01:00; Вт: 10:00-01:00; Ср: 10:00-01:00; Чт: 10:00-01:00; Пт: 10:00-01:00; Сб: 10:00-01:00; Вс: 10:00-01:00,2.3,(99898) 809-1131,,,https://instagram.com/gijduvon.golden,,https://facebook.com/Gijduvon.golden,69.303665,41.368063,https://2gis.com/firm/70000001052340613
Oshi Siyob,кафе,"Амира Темура проспект, 92",Юнусабадский район,Пн: 11:00-22:00; Вт: 11:00-22:00; Ср: 11:00-22:00; Чт: 11:00-22:00; Пт: 11:00-22:00; Сб: 11:00-22:00,3.7,(99899) 949-9191,(99890) 047-3939,,https://instagram.com/oshisiyob,,,69.285333,41.336491,https://2gis.com/firm/70000001052928556
Iskender Kebab,кафе,"Чингиза Айтматова, 50а",Юнусабадский район,Пн: 00:00-24:00; Вт: 00:00-24:00; Ср: 00:00-24:00; Чт: 00:00-24:00; Пт: 00:00-24:00; Сб: 00:00-24:00; Вс: 00:00-24:00,2.6,(99899) 627-2222,(99899) 998-5756,,,,,69.292451,41.332932,https://2gis.com/firm/70000001052071456
Norinmisan,кафе,"Тараккиёт 2-й проезд, 33/1",Яшнабадский район,Пн: 09:00-20:00; Вт: 09:00-20:00; Ср: 09:00-20:00; Чт: 09:00-20:00; Пт: 09:00-20:00; Сб: 09:00-20:00,,(99893) 880-5640,,,,,,69.305145,41.299932,https://2gis.com/firm/70000001064324926
Кафе узбекской кухни,,"Мехржон, 2/1",Мирабадский район,Пн: 10:00-21:00; Вт: 10:00-21:00; Ср: 10:00-21:00; Чт: 10:00-21:00; Пт: 10:00-21:00; Сб: 10:00-21:00; Вс: 10:00-21:00,,,,,,,,69.289158,41.28642,https://2gis.com/firm/70000001062151018
Only vibe,бар,"Кичик Миробод, 1",Яккасарайский район,Пн: 17:00-05:00; Вт: 17:00-05:00; Ср: 17:00-05:00; Чт: 17:00-05:00; Пт: 17:00-05:00; Сб: 17:00-05:00; Вс: 17:00-05:00,,(99899) 288-8555,,,https://instagram.com/onlyvibe.tashkent,,,69.264334,41.292028,https://2gis.com/firm/70000001067220571
Пайли ош,кафе,"Бухара, 26",Мирабадский район,Пн: 08:00-23:00; Вт: 08:00-23:00; Ср: 08:00-23:00; Чт: 08:00-23:00; Пт: 08:00-23:00; Сб: 08:00-23:00,,(99893) 381-0107,,,,,,69.270118,41.311009,https://2gis.com/firm/70000001036991307
Ченг Кива,кафе,"Шота Руставели, 36",Яккасарайский район,Пн: 11:00-22:00; Вт: 11:00-22:00; Ср: 11:00-22:00; Чт: 11:00-22:00; Пт: 11:00-22:00; Сб: 11:00-22:00; Вс: 11:00-22:00,,(99871) 281-4496,,,,,,69.257375,41.28966,https://2gis.com/firm/70000001036950147
Рохат,чайхана,"Буюк Ипак Йули, 171",Мирзо-Улугбекский район,Пн: 10:00-22:00; Вт: 10:00-22:00; Ср: 10:00-22:00; Чт: 10:00-22:00; Пт: 10:00-22:00; Сб: 10:00-22:00; Вс: 10:00-22:00,5,,,,,,,69.347307,41.330328,https://2gis.com/firm/70000001036915040
Magix Lounge,кафе,"Чингиза Айтматова, 1а",Юнусабадский район,Пн: 11:00-24:00; Вт: 11:00-24:00; Ср: 11:00-24:00; Чт: 11:00-24:00; Пт: 11:00-24:00; Сб: 11:00-24:00; Вс: 11:00-24:00,5,,,,,,,69.290168,41.327282,https://2gis.com/firm/70000001036846411
Водопад,кафе,"Махатмы Ганди, 29",Мирзо-Улугбекский район,Пн: 10:00-17:00; Вт: 10:00-17:00; Ср: 10:00-17:00; Чт: 10:00-17:00; Пт: 10:00-17:00,,,,,,,,69.297882,41.315368,https://2gis.com/firm/70000001039996015
Миллий таомлар,,"Махтумкули, 103а",Яшнабадский район,Пн: 08:00-17:00; Вт: 08:00-17:00; Ср: 08:00-17:00; Чт: 08:00-17:00; Пт: 08:00-17:00; Сб: 08:00-17:00,,,,,,,,69.30275,41.309273,https://2gis.com/firm/70000001037552209
Ботир ака Оши,кафе,"Ферганское шоссе, 15/3",Яшнабадский район,Пн: 10:30-15:00; Вт: 10:30-15:00; Ср: 10:30-15:00; Чт: 10:30-15:00; Пт: 10:30-15:00; Сб: 10:30-15:00,,,,,,,,69.301133,41.29011,https://2gis.com/firm/70000001037033590
